,year,SUBURB,suburb,n,price_mean
1,2018,ABBOTSFORD,Abbotsford,45,812020
2,2018,ABERFELDIE,Aberfeldie,15,1416400
3,2018,AINTREE,Aintree,6,638833.3333
4,2018,AIRPORT WEST,Airport West,45,736695.5556
5,2018,ALBANVALE,Albanvale,16,535218.75
6,2018,ALBERT PARK,Albert Park,21,2049714.286
7,2018,ALBION,Albion,30,520716.6667
8,2018,ALPHINGTON,Alphington,21,1344871.429
9,2018,ALTONA,Altona,57,861541.7895
10,2018,ALTONA MEADOWS,Altona Meadows,51,637735.2941
11,2018,ALTONA NORTH,Altona North,45,796655.5556
12,2018,ARDEER,Ardeer,17,620029.4118
13,2018,ARMADALE,Armadale,47,1386796.809
14,2018,ARTHURS SEAT,Arthurs Seat,4,1027750
15,2018,ASCOT VALE,Ascot Vale,54,1142359.037
16,2018,ASHBURTON,Ashburton,33,1484239.03
17,2018,ASHWOOD,Ashwood,23,990525.5652
18,2018,ASPENDALE,Aspendale,30,1102054.267
19,2018,ASPENDALE GARDENS,Aspendale Gardens,15,839533.3333
20,2018,ATTWOOD,Attwood,4,1032500
21,2018,AVONDALE HEIGHTS,Avondale Heights,37,866136.1622
22,2018,AVONSLEIGH,Avonsleigh,5,868605.8
23,2018,BADGER CREEK,Badger Creek,2,622500
24,2018,BALACLAVA,Balaclava,26,775407.6538
25,2018,BALNARRING,Balnarring,9,880833.3333
26,2018,BALNARRING BEACH,Balnarring Beach,2,1292500
27,2018,BALWYN,Balwyn,70,1860874.114
28,2018,BALWYN NORTH,Balwyn North,87,1737565.069
29,2018,BANGHOLME,Bangholme,1,2460000
30,2018,BAXTER,Baxter,7,524081.5714
31,2018,BAYLES,Bayles,2,1192500
32,2018,BAYSWATER,Bayswater,64,681341.1094
33,2018,BAYSWATER NORTH,Bayswater North,40,682612.5
34,2018,BEACONSFIELD,Beaconsfield,40,745262.5
35,2018,BEACONSFIELD UPPER,Beaconsfield Upper,6,973000
36,2018,BEAUMARIS,Beaumaris,60,1531333.333
37,2018,BELGRAVE,Belgrave,20,723499.95
38,2018,BELGRAVE HEIGHTS,Belgrave Heights,5,796400
39,2018,BELGRAVE SOUTH,Belgrave South,2,1146000
40,2018,BELLFIELD,Bellfield,2,715000
41,2018,BEND OF ISLANDS,Bend Of Islands,1,1015000
42,2018,BENTLEIGH,Bentleigh,85,1118473.529
43,2018,BENTLEIGH EAST,Bentleigh East,142,1055109.507
44,2018,BERWICK,Berwick,187,732189.8824
45,2018,BIG PATS CREEK,Big Pats Creek,1,522000
46,2018,BITTERN,Bittern,16,622187.5
47,2018,BLACK ROCK,Black Rock,24,1603479.375
48,2018,BLACKBURN,Blackburn,61,1038506.787
49,2018,BLACKBURN NORTH,Blackburn North,35,980751.4286
50,2018,BLACKBURN SOUTH,Blackburn South,39,1009735.282
51,2018,BLAIRGOWRIE,Blairgowrie,26,1176769.231
52,2018,BLIND BIGHT,Blind Bight,8,548687.5
53,2018,BONBEACH,Bonbeach,37,715325.1351
54,2018,BORONIA,Boronia,122,628579.5574
55,2018,BOTANIC RIDGE,Botanic Ridge,30,741966.6667
56,2018,BOX HILL,Box Hill,56,710347.8036
57,2018,BOX HILL NORTH,Box Hill North,48,950643.5
58,2018,BOX HILL SOUTH,Box Hill South,33,1022742.061
59,2018,BRAYBROOK,Braybrook,26,664030.7692
60,2018,BRIAR HILL,Briar Hill,10,739350
61,2018,BRIGHTON,Brighton,123,2125186.984
62,2018,BRIGHTON EAST,Brighton East,52,1645605.769
63,2018,BROADMEADOWS,Broadmeadows,45,526178.0667
64,2018,BROOKFIELD,Brookfield,40,507887.5
65,2018,BROOKLYN,Brooklyn,16,609125
66,2018,BRUNSWICK,Brunswick,140,841225.7143
67,2018,BRUNSWICK EAST,Brunswick East,70,747042.8571
68,2018,BRUNSWICK WEST,Brunswick West,68,790672.0588
69,2018,BULLA,Bulla,4,1454625
70,2018,BULLEEN,Bulleen,32,1055167.906
71,2018,BUNDOORA,Bundoora,97,671834.1649
72,2018,BUNYIP,Bunyip,6,654500
73,2018,BURNSIDE,Burnside,9,579666.6667
74,2018,BURNSIDE HEIGHTS,Burnside Heights,18,664083.3333
75,2018,BURWOOD,Burwood,48,1184709.792
76,2018,BURWOOD EAST,Burwood East,27,953873.2222
77,2018,CAIRNLEA,Cairnlea,17,793764.7059
78,2018,CAMBERWELL,Camberwell,68,2005882.368
79,2018,CAMPBELLFIELD,Campbellfield,4,559625
80,2018,CANNONS CREEK,Cannons Creek,2,570000
81,2018,CANTERBURY,Canterbury,29,2190724.138
82,2018,CAPE SCHANCK,Cape Schanck,3,1801666.667
83,2018,CAPEL SOUND,Capel Sound,39,546328.2051
84,2018,CARLTON,Carlton,71,617690.1408
85,2018,CARLTON NORTH,Carlton North,28,1339517.857
86,2018,CARNEGIE,Carnegie,91,699640.1099
87,2018,CAROLINE SPRINGS,Caroline Springs,103,631038.835
88,2018,CARRUM,Carrum,28,911339.2857
89,2018,CARRUM DOWNS,Carrum Downs,113,527830.0885
90,2018,CAULFIELD,Caulfield,24,1302875
91,2018,CAULFIELD EAST,Caulfield East,4,1050000
92,2018,CAULFIELD NORTH,Caulfield North,63,1245547.619
93,2018,CAULFIELD SOUTH,Caulfield South,47,1277785.106
94,2018,CHADSTONE,Chadstone,38,849844.7368
95,2018,CHELSEA,Chelsea,52,761254.8077
96,2018,CHELSEA HEIGHTS,Chelsea Heights,31,723370.9677
97,2018,CHELTENHAM,Cheltenham,114,804068.0877
98,2018,CHIRNSIDE PARK,Chirnside Park,52,722810.5962
99,2018,CHRISTMAS HILLS,Christmas Hills,1,853000
100,2018,CHUM CREEK,Chum Creek,4,576250
101,2018,CLARINDA,Clarinda,18,758977.7778
102,2018,CLAYTON,Clayton,47,938688.6809
103,2018,CLAYTON SOUTH,Clayton South,41,708161
104,2018,CLEMATIS,Clematis,2,680000
105,2018,CLIFTON HILL,Clifton Hill,28,1066605.357
106,2018,CLYDE,Clyde,20,593826.9
107,2018,CLYDE NORTH,Clyde North,84,595789.2857
108,2018,COBBLEBANK,Cobblebank,3,441666.6667
109,2018,COBURG,Coburg,116,822494.9741
110,2018,COBURG NORTH,Coburg North,41,756070.7317
111,2018,COCKATOO,Cockatoo,21,585261.9048
112,2018,COLDSTREAM,Coldstream,8,639812.5
113,2018,COLLINGWOOD,Collingwood,51,768335.0588
114,2018,COOLAROO,Coolaroo,7,468000
115,2018,COTTLES BRIDGE,Cottles Bridge,2,1160000
116,2018,CRAIGIEBURN,Craigieburn,249,546494.3775
117,2018,CRANBOURNE,Cranbourne,81,508186.2469
118,2018,CRANBOURNE EAST,Cranbourne East,77,556966.2338
119,2018,CRANBOURNE NORTH,Cranbourne North,123,589460.0488
120,2018,CRANBOURNE SOUTH,Cranbourne South,2,1405000
121,2018,CRANBOURNE WEST,Cranbourne West,85,540223.2588
122,2018,CRIB POINT,Crib Point,26,519615.3846
123,2018,CROYDON,Croydon,146,694959.6575
124,2018,CROYDON HILLS,Croydon Hills,17,873705.8824
125,2018,CROYDON NORTH,Croydon North,37,734682.5946
126,2018,CROYDON SOUTH,Croydon South,24,743583.3333
127,2018,DALLAS,Dallas,28,474035.7143
128,2018,DANDENONG,Dandenong,84,445813.619
129,2018,DANDENONG NORTH,Dandenong North,59,639535.7966
130,2018,DEEPDENE,Deepdene,5,1999000
131,2018,DEER PARK,Deer Park,70,582558.5571
132,2018,DELAHEY,Delahey,30,520150
133,2018,DERRIMUT,Derrimut,25,635960
134,2018,DEVON MEADOWS,Devon Meadows,2,792000
135,2018,DIAMOND CREEK,Diamond Creek,52,840558.6538
136,2018,DIGGERS REST,Diggers Rest,11,511230.9091
137,2018,DINGLEY VILLAGE,Dingley Village,41,814246.3415
138,2018,DOCKLANDS,Docklands,92,826039.1413
139,2018,DON VALLEY,Don Valley,1,835000
140,2018,DONCASTER,Doncaster,113,934897.8407
141,2018,DONCASTER EAST,Doncaster East,101,1038090.772
142,2018,DONNYBROOK,Donnybrook,12,569949.8333
143,2018,DONVALE,Donvale,57,1168673.684
144,2018,DOREEN,Doreen,110,632315.8
145,2018,DOVETON,Doveton,27,489222.2593
146,2018,DROMANA,Dromana,35,700142.8286
147,2018,EAGLEMONT,Eaglemont,12,1707729.167
148,2018,EAST MELBOURNE,East Melbourne,19,2026289.474
149,2018,EAST WARBURTON,East Warburton,13,437500
150,2018,EDEN PARK,Eden Park,2,1085000
151,2018,EDITHVALE,Edithvale,34,946620.5882
152,2018,ELSTERNWICK,Elsternwick,76,1325961.539
153,2018,ELTHAM,Eltham,64,912831.8906
154,2018,ELTHAM NORTH,Eltham North,21,919580.9524
155,2018,ELWOOD,Elwood,111,969451.3423
156,2018,EMERALD,Emerald,32,735375
157,2018,ENDEAVOUR HILLS,Endeavour Hills,66,640281.0606
158,2018,EPPING,Epping,141,540370.2128
159,2018,ESSENDON,Essendon,108,1090271.296
160,2018,ESSENDON NORTH,Essendon North,14,519392.8571
161,2018,ESSENDON WEST,Essendon West,7,1051571.429
162,2018,EUMEMMERRING,Eumemmerring,7,467785.7143
163,2018,EYNESBURY,Eynesbury,14,549571.4286
164,2018,FAIRFIELD,Fairfield,39,1008641.026
165,2018,FAWKNER,Fawkner,39,635102.5641
166,2018,FERNTREE GULLY,Ferntree Gully,114,694339.0351
167,2018,FERNY CREEK,Ferny Creek,6,819666.6667
168,2018,FINGAL,Fingal,14,1189642.857
169,2018,FITZROY,Fitzroy,44,1449738.636
170,2018,FITZROY NORTH,Fitzroy North,50,1217179.98
171,2018,FLEMINGTON,Flemington,28,699982.1429
172,2018,FLINDERS,Flinders,12,2449170.833
173,2018,FOOTSCRAY,Footscray,82,608458.3171
174,2018,FOREST HILL,Forest Hill,45,938026.6444
175,2018,FRANKSTON,Frankston,227,545768.2291
176,2018,FRANKSTON NORTH,Frankston North,27,458222.2222
177,2018,FRANKSTON SOUTH,Frankston South,73,855827.1644
178,2018,FRASER RISE,Fraser Rise,11,610000
179,2018,GARDENVALE,Gardenvale,3,1786666.667
180,2018,GARFIELD,Garfield,8,554250
181,2018,GEMBROOK,Gembrook,17,745411.7647
182,2018,GILDEROY,Gilderoy,1,750000
183,2018,GLADSTONE PARK,Gladstone Park,26,622307.6923
184,2018,GLADYSDALE,Gladysdale,1,702000
185,2018,GLEN HUNTLY,Glen Huntly,30,741525
186,2018,GLEN IRIS,Glen Iris,112,1350593.643
187,2018,GLEN WAVERLEY,Glen Waverley,153,1259556.641
188,2018,GLENROY,Glenroy,98,610363.0816
189,2018,GOWANBRAE,Gowanbrae,15,812833.3333
190,2018,GREENSBOROUGH,Greensborough,99,772474.7475
191,2018,GREENVALE,Greenvale,75,805971.6
192,2018,GUYS HILL,Guys Hill,2,793500
193,2018,HADFIELD,Hadfield,33,665148.1212
194,2018,HALLAM,Hallam,27,521425.9259
195,2018,HAMPTON,Hampton,71,1751776.592
196,2018,HAMPTON EAST,Hampton East,26,1116673.077
197,2018,HAMPTON PARK,Hampton Park,82,506452.2927
198,2018,HARKAWAY,Harkaway,1,960000
199,2018,HARKNESS,Harkness,56,454875
200,2018,HASTINGS,Hastings,57,504990.6842
201,2018,HAWTHORN,Hawthorn,125,991557.6
202,2018,HAWTHORN EAST,Hawthorn East,49,1202622.469
203,2018,HEALESVILLE,Healesville,34,595955.8824
204,2018,HEATHERTON,Heatherton,6,727333.3333
205,2018,HEATHMONT,Heathmont,43,927965.1163
206,2018,HEIDELBERG,Heidelberg,23,831000
207,2018,HEIDELBERG HEIGHTS,Heidelberg Heights,46,713717.3913
208,2018,HEIDELBERG WEST,Heidelberg West,25,667860
209,2018,HIGHETT,Highett,66,941089.3182
210,2018,HILLSIDE,Hillside,64,691986.7188
211,2018,HOPPERS CROSSING,Hoppers Crossing,146,555066.8973
212,2018,HUGHESDALE,Hughesdale,29,809368.9655
213,2018,HUMEVALE,Humevale,1,955000
214,2018,HUNTINGDALE,Huntingdale,7,820084
215,2018,HURSTBRIDGE,Hurstbridge,10,766250
216,2018,IVANHOE,Ivanhoe,40,945394.4
217,2018,IVANHOE EAST,Ivanhoe East,20,1736275
218,2018,JACANA,Jacana,12,519750
219,2018,JUNCTION VILLAGE,Junction Village,2,472250
220,2018,KALKALLO,Kalkallo,15,556233.3333
221,2018,KALLISTA,Kallista,11,841895.0909
222,2018,KALORAMA,Kalorama,7,786428.5714
223,2018,KANGAROO GROUND,Kangaroo Ground,4,1806250
224,2018,KEALBA,Kealba,12,597958.3333
225,2018,KEILOR,Keilor,11,748300
226,2018,KEILOR DOWNS,Keilor Downs,28,622982.1429
227,2018,KEILOR EAST,Keilor East,59,804576.2712
228,2018,KEILOR PARK,Keilor Park,5,795000
229,2018,KENSINGTON,Kensington,68,826491
230,2018,KEW,Kew,92,1721106.522
231,2018,KEW EAST,Kew East,30,1627010
232,2018,KEYSBOROUGH,Keysborough,108,801391.5463
233,2018,KILSYTH,Kilsyth,68,625075.6765
234,2018,KILSYTH SOUTH,Kilsyth South,7,924714.2857
235,2018,KINGS PARK,Kings Park,21,538680.9524
236,2018,KINGSBURY,Kingsbury,9,764055.5556
237,2018,KINGSVILLE,Kingsville,21,777219.0476
238,2018,KNOXFIELD,Knoxfield,34,741750
239,2018,KOO WEE RUP,Koo Wee Rup,15,559586.6667
240,2018,KOOYONG,Kooyong,2,3877500
241,2018,KURUNJANG,Kurunjang,42,457619.0476
242,2018,LALOR,Lalor,71,603483.0986
243,2018,LANG LANG,Lang Lang,6,501566.6667
244,2018,LANGWARRIN,Langwarrin,127,641013.7559
245,2018,LANGWARRIN SOUTH,Langwarrin South,2,1230000
246,2018,LAUNCHING PLACE,Launching Place,10,607400
247,2018,LAVERTON,Laverton,34,522014.7353
248,2018,LILYDALE,Lilydale,75,661777.7867
249,2018,LITTLE RIVER,Little River,4,1039375
250,2018,LOWER PLENTY,Lower Plenty,25,891340
251,2018,LYNBROOK,Lynbrook,25,638840
252,2018,LYNDHURST,Lyndhurst,26,680798.0769
253,2018,LYSTERFIELD,Lysterfield,21,1032857.143
254,2018,LYSTERFIELD SOUTH,Lysterfield South,3,1320000
255,2018,MACCLESFIELD,Macclesfield,3,1103333.333
256,2018,MACLEOD,Macleod,40,857261.25
257,2018,MAIDSTONE,Maidstone,41,624629.2683
258,2018,MAIN RIDGE,Main Ridge,6,2076666.667
259,2018,MALVERN,Malvern,57,1921814.895
260,2018,MALVERN EAST,Malvern East,72,1323856.125
261,2018,MANOR LAKES,Manor Lakes,34,546280.8529
262,2018,MARIBYRNONG,Maribyrnong,64,741792.7813
263,2018,MCCRAE,Mccrae,20,819625
264,2018,MCKINNON,Mckinnon,20,1121725
265,2018,MEADOW HEIGHTS,Meadow Heights,22,499881.8182
266,2018,MELBOURNE,Melbourne,219,521504.4064
267,2018,MELTON,Melton,59,413715.4746
268,2018,MELTON SOUTH,Melton South,67,419842.6716
269,2018,MELTON WEST,Melton West,46,433467.3913
270,2018,MENTONE,Mentone,64,863878.8438
271,2018,MENZIES CREEK,Menzies Creek,4,951250
272,2018,MERNDA,Mernda,111,578290.1982
273,2018,MERRICKS NORTH,Merricks North,2,2535000
274,2018,MICKLEHAM,Mickleham,49,619752.5918
275,2018,MIDDLE PARK,Middle Park,20,2193375
276,2018,MILL PARK,Mill Park,111,630126.1261
277,2018,MILLGROVE,Millgrove,11,440909.0909
278,2018,MITCHAM,Mitcham,71,860582.1972
279,2018,MONBULK,Monbulk,15,682200
280,2018,MONT ALBERT,Mont Albert,12,1213333.333
281,2018,MONT ALBERT NORTH,Mont Albert North,26,1131156.769
282,2018,MONTMORENCY,Montmorency,38,831736.8421
283,2018,MONTROSE,Montrose,24,775478.2917
284,2018,MOONEE PONDS,Moonee Ponds,61,1158601.639
285,2018,MOORABBIN,Moorabbin,37,844101.3514
286,2018,MOOROODUC,Moorooduc,2,1412500
287,2018,MOOROOLBARK,Mooroolbark,87,718284.1264
288,2018,MORDIALLOC,Mordialloc,52,838342.5192
289,2018,MORNINGTON,Mornington,131,833050.3817
290,2018,MOUNT BURNETT,Mount Burnett,2,785000
291,2018,MOUNT DANDENONG,Mount Dandenong,5,680000
292,2018,MOUNT ELIZA,Mount Eliza,90,1360414.444
293,2018,MOUNT EVELYN,Mount Evelyn,37,717843.3243
294,2018,MOUNT MARTHA,Mount Martha,99,1077782.707
295,2018,MOUNT WAVERLEY,Mount Waverley,135,1176695.37
296,2018,MULGRAVE,Mulgrave,73,818897.274
297,2018,MURRUMBEENA,Murrumbeena,47,897098.6809
298,2018,NAR NAR GOON,Nar Nar Goon,3,610666.6667
299,2018,NAR NAR GOON NORTH,Nar Nar Goon North,1,925000
300,2018,NARRE WARREN,Narre Warren,106,584562.6415
301,2018,NARRE WARREN EAST,Narre Warren East,2,1915000
302,2018,NARRE WARREN NORTH,Narre Warren North,9,1225888.889
303,2018,NARRE WARREN SOUTH,Narre Warren South,94,662756.734
304,2018,NEWPORT,Newport,64,1006046.094
305,2018,NIDDRIE,Niddrie,28,910964.2857
306,2018,NOBLE PARK,Noble Park,99,537650.5051
307,2018,NOBLE PARK NORTH,Noble Park North,23,603521.7391
308,2018,NORTH MELBOURNE,North Melbourne,63,698468.254
309,2018,NORTH WARRANDYTE,North Warrandyte,9,1100611.111
310,2018,NORTHCOTE,Northcote,119,1117110.403
311,2018,NOTTING HILL,Notting Hill,12,597750
312,2018,NUNAWADING,Nunawading,34,864334.9412
313,2018,OAK PARK,Oak Park,31,736602.7742
314,2018,OAKLANDS JUNCTION,Oaklands Junction,1,1250000
315,2018,OAKLEIGH,Oakleigh,21,845521.4286
316,2018,OAKLEIGH EAST,Oakleigh East,31,876125.4194
317,2018,OAKLEIGH SOUTH,Oakleigh South,28,810004.8929
318,2018,OFFICER,Officer,86,617471.2442
319,2018,OLINDA,Olinda,8,998250
320,2018,ORMOND,Ormond,36,941930.2222
321,2018,PAKENHAM,Pakenham,321,515590.6854
322,2018,PAKENHAM UPPER,Pakenham Upper,2,1267500
323,2018,PANTON HILL,Panton Hill,2,900500
324,2018,PARK ORCHARDS,Park Orchards,3,2308333.333
325,2018,PARKDALE,Parkdale,61,947150
326,2018,PARKVILLE,Parkville,17,1447264.706
327,2018,PASCOE VALE,Pascoe Vale,81,720954.8148
328,2018,PASCOE VALE SOUTH,Pascoe Vale South,37,892229.7568
329,2018,PATTERSON LAKES,Patterson Lakes,30,1035879.6
330,2018,PEARCEDALE,Pearcedale,10,745300
331,2018,PLENTY,Plenty,9,1578061.111
332,2018,PLUMPTON,Plumpton,18,536769.4444
333,2018,POINT COOK,Point Cook,174,641190.8391
334,2018,PORT MELBOURNE,Port Melbourne,96,1168314.063
335,2018,PORTSEA,Portsea,12,2469043.75
336,2018,POWELLTOWN,Powelltown,3,472166.6667
337,2018,PRAHRAN,Prahran,81,923385.1728
338,2018,PRESTON,Preston,143,770270.2797
339,2018,RED HILL,Red Hill,7,2405714.286
340,2018,REEFTON,Reefton,1,361000
341,2018,RESEARCH,Research,17,1071947.059
342,2018,RESERVOIR,Reservoir,217,678279.5853
343,2018,RICHMOND,Richmond,174,983543.092
344,2018,RINGWOOD,Ringwood,87,766383.046
345,2018,RINGWOOD EAST,Ringwood East,62,759955.6452
346,2018,RINGWOOD NORTH,Ringwood North,41,957841.4634
347,2018,RIPPONLEA,Ripponlea,9,754777.7778
348,2018,ROCKBANK,Rockbank,9,599444.5556
349,2018,ROSANNA,Rosanna,46,878204.3478
350,2018,ROSEBUD,Rosebud,101,623956.2574
351,2018,ROWVILLE,Rowville,101,804199.495
352,2018,ROXBURGH PARK,Roxburgh Park,78,550496.1538
353,2018,RYE,Rye,88,760751.1364
354,2018,SAFETY BEACH,Safety Beach,50,837998.3
355,2018,SANDHURST,Sandhurst,11,864445.4545
356,2018,SANDRINGHAM,Sandringham,55,1288783.309
357,2018,SASSAFRAS,Sassafras,6,771916.6667
358,2018,SCORESBY,Scoresby,16,769218.75
359,2018,SEABROOK,Seabrook,11,592595.9091
360,2018,SEAFORD,Seaford,84,624674.381
361,2018,SEAHOLME,Seaholme,8,934375
362,2018,SEDDON,Seddon,25,975180
363,2018,SELBY,Selby,11,840363.6364
364,2018,SEVILLE,Seville,9,839055.5556
365,2018,SEVILLE EAST,Seville East,7,578571.4286
366,2018,SHERBROOKE,Sherbrooke,2,872500
367,2018,SHOREHAM,Shoreham,4,2473125
368,2018,SILVAN,Silvan,1,1251000
369,2018,SKYE,Skye,31,647404.0645
370,2018,SMITHS GULLY,Smiths Gully,1,750000
371,2018,SOMERS,Somers,6,1400000
372,2018,SOMERVILLE,Somerville,45,624666.6667
373,2018,SORRENTO,Sorrento,21,1424023.81
374,2018,SOUTH KINGSVILLE,South Kingsville,11,809090.9091
375,2018,SOUTH MELBOURNE,South Melbourne,54,934872.2222
376,2018,SOUTH MORANG,South Morang,92,621673.913
377,2018,SOUTH YARRA,South Yarra,147,846788.483
378,2018,SOUTHBANK,Southbank,126,595450.7063
379,2018,SPOTSWOOD,Spotswood,12,1084666.667
380,2018,SPRINGVALE,Springvale,42,719962.9524
381,2018,SPRINGVALE SOUTH,Springvale South,28,646741.3571
382,2018,ST ALBANS,St Albans,95,567300
383,2018,ST ANDREWS,St Andrews,3,1076666.667
384,2018,ST ANDREWS BEACH,St Andrews Beach,4,1099250
385,2018,ST HELENA,St Helena,9,871500
386,2018,ST KILDA,St Kilda,153,731882.3529
387,2018,ST KILDA EAST,St Kilda East,95,769011.6842
388,2018,ST KILDA WEST,St Kilda West,16,1132687.5
389,2018,STEELS CREEK,Steels Creek,1,865000
390,2018,STRATHMORE,Strathmore,56,1241003.089
391,2018,STRATHMORE HEIGHTS,Strathmore Heights,3,870666.6667
392,2018,STRATHTULLOH,Strathtulloh,2,495000
393,2018,SUNBURY,Sunbury,194,568557.732
394,2018,SUNSHINE,Sunshine,38,698118.4211
395,2018,SUNSHINE NORTH,Sunshine North,31,654241.9355
396,2018,SUNSHINE WEST,Sunshine West,56,601892.8571
397,2018,SURREY HILLS,Surrey Hills,52,1566488.481
398,2018,SYDENHAM,Sydenham,33,541427.2727
399,2018,TARNEIT,Tarneit,188,567037.2606
400,2018,TAYLORS HILL,Taylors Hill,54,736691.7037
401,2018,TAYLORS LAKES,Taylors Lakes,35,778300
402,2018,TECOMA,Tecoma,14,676892.8571
403,2018,TEMPLESTOWE,Templestowe,66,1400726.455
404,2018,TEMPLESTOWE LOWER,Templestowe Lower,49,1067087.755
405,2018,THE BASIN,The Basin,21,675920.9524
406,2018,THE PATCH,The Patch,5,899200
407,2018,THOMASTOWN,Thomastown,62,592131.629
408,2018,THORNBURY,Thornbury,93,922956.9892
409,2018,THORNHILL PARK,Thornhill Park,4,622500
410,2018,TOOLANGI,Toolangi,1,620000
411,2018,TOOLERN VALE,Toolern Vale,2,678500
412,2018,TOORADIN,Tooradin,3,1096666.667
413,2018,TOORAK,Toorak,60,2145547.5
414,2018,TOOTGAROOK,Tootgarook,26,623230.7692
415,2018,TRAVANCORE,Travancore,15,521833.3333
416,2018,TRUGANINA,Truganina,88,564598.7727
417,2018,TULLAMARINE,Tullamarine,30,568316.6667
418,2018,TYABB,Tyabb,13,729576.9231
419,2018,TYNONG,Tynong,2,736000
420,2018,UPPER FERNTREE GULLY,Upper Ferntree Gully,15,765146.6667
421,2018,UPWEY,Upwey,36,727784.7222
422,2018,VERMONT,Vermont,29,852234.4828
423,2018,VERMONT SOUTH,Vermont South,32,1047370.313
424,2018,VIEWBANK,Viewbank,25,918440
425,2018,WANDIN NORTH,Wandin North,15,759900
426,2018,WANTIRNA,Wantirna,40,840854.975
427,2018,WANTIRNA SOUTH,Wantirna South,62,892017.3548
428,2018,WARBURTON,Warburton,14,598821.4286
429,2018,WARNEET,Warneet,2,625500
430,2018,WARRANDYTE,Warrandyte,14,1432071.429
431,2018,WARRANDYTE SOUTH,Warrandyte South,1,1380000
432,2018,WARRANWOOD,Warranwood,12,1107008.333
433,2018,WATERWAYS,Waterways,5,1150140
434,2018,WATSONIA,Watsonia,28,767160.7143
435,2018,WATSONIA NORTH,Watsonia North,14,821642.8571
436,2018,WATTLE GLEN,Wattle Glen,10,830950
437,2018,WEIR VIEWS,Weir Views,7,463928.5714
438,2018,WERRIBEE,Werribee,189,532448.8624
439,2018,WERRIBEE SOUTH,Werribee South,3,447500
440,2018,WESBURN,Wesburn,4,460750
441,2018,WEST FOOTSCRAY,West Footscray,62,697395.1613
442,2018,WEST MELBOURNE,West Melbourne,20,725550
443,2018,WESTMEADOWS,Westmeadows,25,589580
444,2018,WHEELERS HILL,Wheelers Hill,68,1153344.676
445,2018,WHITTLESEA,Whittlesea,28,635678.5714
446,2018,WILLIAMS LANDING,Williams Landing,35,698840
447,2018,WILLIAMSTOWN,Williamstown,72,1354756.944
448,2018,WINDSOR,Windsor,17,771794.1176
449,2018,WOLLERT,Wollert,67,575898.1791
450,2018,WONGA PARK,Wonga Park,6,1553592.5
451,2018,WOODSTOCK,Woodstock,1,2105000
452,2018,WOORI YALLOCK,Woori Yallock,9,652500
453,2018,WYNDHAM VALE,Wyndham Vale,114,496330.5175
454,2018,YALLAMBIE,Yallambie,15,785200
455,2018,YAN YEAN,Yan Yean,1,780000
456,2018,YARRA GLEN,Yarra Glen,15,940166.6667
457,2018,YARRA JUNCTION,Yarra Junction,12,589875
458,2018,YARRAMBAT,Yarrambat,2,1525000
459,2018,YARRAVILLE,Yarraville,58,946643.1034
460,2018,YELLINGBO,Yellingbo,1,618000
461,2018,YUROKE,Yuroke,1,1570000
462,2019,ABBOTSFORD,Abbotsford,153,802748.0392
463,2019,ABERFELDIE,Aberfeldie,43,1325360.465
464,2019,AINTREE,Aintree,64,624484.375
465,2019,AIRPORT WEST,Airport West,118,746394.0678
466,2019,ALBANVALE,Albanvale,50,498317.76
467,2019,ALBERT PARK,Albert Park,94,2089053.191
468,2019,ALBION,Albion,74,467644.3378
469,2019,ALPHINGTON,Alphington,57,1251348.947
470,2019,ALTONA,Altona,240,828210.2667
471,2019,ALTONA MEADOWS,Altona Meadows,194,594630.5464
472,2019,ALTONA NORTH,Altona North,191,774835.9162
473,2019,ARDEER,Ardeer,41,601573.1707
474,2019,ARMADALE,Armadale,157,1304336.694
475,2019,ARTHURS CREEK,Arthurs Creek,3,1421666.667
476,2019,ARTHURS SEAT,Arthurs Seat,6,991666.6667
477,2019,ASCOT VALE,Ascot Vale,216,917414.3519
478,2019,ASHBURTON,Ashburton,77,1532549.221
479,2019,ASHWOOD,Ashwood,86,1040780.977
480,2019,ASPENDALE,Aspendale,104,1027019.231
481,2019,ASPENDALE GARDENS,Aspendale Gardens,43,862299.7209
482,2019,ATTWOOD,Attwood,27,702425.9259
483,2019,AVONDALE HEIGHTS,Avondale Heights,135,825677.6
484,2019,AVONSLEIGH,Avonsleigh,14,664835.7143
485,2019,BADGER CREEK,Badger Creek,12,470250
486,2019,BALACLAVA,Balaclava,59,790771.1864
487,2019,BALNARRING,Balnarring,28,1179546.429
488,2019,BALNARRING BEACH,Balnarring Beach,5,1801100
489,2019,BALWYN,Balwyn,179,1878821.503
490,2019,BALWYN NORTH,Balwyn North,259,1792065.641
491,2019,BANGHOLME,Bangholme,2,437500
492,2019,BAXTER,Baxter,39,526461.5385
493,2019,BAYLES,Bayles,1,255000
494,2019,BAYSWATER,Bayswater,181,650912.1215
495,2019,BAYSWATER NORTH,Bayswater North,147,602661.3401
496,2019,BEACONSFIELD,Beaconsfield,95,730683.1579
497,2019,BEACONSFIELD UPPER,Beaconsfield Upper,23,1034760.87
498,2019,BEAUMARIS,Beaumaris,205,1483197.434
499,2019,BELGRAVE,Belgrave,68,640762.5
500,2019,BELGRAVE HEIGHTS,Belgrave Heights,13,691206.1538
501,2019,BELGRAVE SOUTH,Belgrave South,14,856071.4286
502,2019,BELLFIELD,Bellfield,26,754144.2308
503,2019,BEND OF ISLANDS,Bend Of Islands,3,878666.6667
504,2019,BENTLEIGH,Bentleigh,293,1122485.089
505,2019,BENTLEIGH EAST,Bentleigh East,392,1088601.452
506,2019,BERWICK,Berwick,674,695792.9926
507,2019,BIG PATS CREEK,Big Pats Creek,2,666500
508,2019,BITTERN,Bittern,67,666903.7313
509,2019,BLACK ROCK,Black Rock,96,1500871.875
510,2019,BLACKBURN,Blackburn,211,1089569.559
511,2019,BLACKBURN NORTH,Blackburn North,105,992674.0476
512,2019,BLACKBURN SOUTH,Blackburn South,120,1053946.142
513,2019,BLAIRGOWRIE,Blairgowrie,111,1079702.748
514,2019,BLIND BIGHT,Blind Bight,13,547923.0769
515,2019,BONBEACH,Bonbeach,143,707642.6154
516,2019,BORONIA,Boronia,368,630318.519
517,2019,BOTANIC RIDGE,Botanic Ridge,94,692477.5319
518,2019,BOX HILL,Box Hill,186,822880.9409
519,2019,BOX HILL NORTH,Box Hill North,161,1104637.814
520,2019,BOX HILL SOUTH,Box Hill South,131,1068496.687
521,2019,BRAYBROOK,Braybrook,90,620305.5556
522,2019,BRIAR HILL,Briar Hill,54,774724.1296
523,2019,BRIGHTON,Brighton,325,2149971.96
524,2019,BRIGHTON EAST,Brighton East,207,1629600.425
525,2019,BROADMEADOWS,Broadmeadows,128,473270.8047
526,2019,BROOKFIELD,Brookfield,143,462128.6713
527,2019,BROOKLYN,Brooklyn,57,615856.1404
528,2019,BRUNSWICK,Brunswick,379,851968.2058
529,2019,BRUNSWICK EAST,Brunswick East,203,726078.8177
530,2019,BRUNSWICK WEST,Brunswick West,190,755497.8947
531,2019,BULLA,Bulla,3,803333.3333
532,2019,BULLEEN,Bulleen,161,1116941.106
533,2019,BUNDOORA,Bundoora,298,672623.745
534,2019,BUNYIP,Bunyip,29,563917.2414
535,2019,BURNLEY,Burnley,1,1257000
536,2019,BURNSIDE,Burnside,39,631294.8718
537,2019,BURNSIDE HEIGHTS,Burnside Heights,41,634853.6585
538,2019,BURWOOD,Burwood,191,1006257.33
539,2019,BURWOOD EAST,Burwood East,106,977139.5943
540,2019,CAIRNLEA,Cairnlea,62,756430.0645
541,2019,CALDERMEADE,Caldermeade,1,5.00E+05
542,2019,CAMBERWELL,Camberwell,263,1631807.932
543,2019,CAMPBELLFIELD,Campbellfield,33,509090.9091
544,2019,CANNONS CREEK,Cannons Creek,8,571500
545,2019,CANTERBURY,Canterbury,88,2399596.591
546,2019,CAPE SCHANCK,Cape Schanck,13,939807.6923
547,2019,CAPEL SOUND,Capel Sound,97,522525.7732
548,2019,CARDINIA,Cardinia,1,770000
549,2019,CARLTON,Carlton,178,588966.8539
550,2019,CARLTON NORTH,Carlton North,88,1506573.852
551,2019,CARNEGIE,Carnegie,251,859063.0518
552,2019,CAROLINE SPRINGS,Caroline Springs,269,630170.4796
553,2019,CARRUM,Carrum,84,742005.9524
554,2019,CARRUM DOWNS,Carrum Downs,379,514782.1451
555,2019,CATANI,Catani,1,498500
556,2019,CAULFIELD,Caulfield,80,1131189.375
557,2019,CAULFIELD EAST,Caulfield East,26,668315.3846
558,2019,CAULFIELD NORTH,Caulfield North,169,1272056.083
559,2019,CAULFIELD SOUTH,Caulfield South,138,1234303.087
560,2019,CHADSTONE,Chadstone,125,921830.256
561,2019,CHELSEA,Chelsea,171,768626.3509
562,2019,CHELSEA HEIGHTS,Chelsea Heights,60,716990.8167
563,2019,CHELTENHAM,Cheltenham,361,854992.0139
564,2019,CHIRNSIDE PARK,Chirnside Park,154,737550.2078
565,2019,CHRISTMAS HILLS,Christmas Hills,2,932842.5
566,2019,CHUM CREEK,Chum Creek,7,632285.7143
567,2019,CLARINDA,Clarinda,60,800905.6333
568,2019,CLAYTON,Clayton,184,871117.4239
569,2019,CLAYTON SOUTH,Clayton South,142,710186.6197
570,2019,CLEMATIS,Clematis,6,655833.3333
571,2019,CLIFTON HILL,Clifton Hill,73,1127865.753
572,2019,CLYDE,Clyde,114,556268.4825
573,2019,CLYDE NORTH,Clyde North,420,593731.0429
574,2019,COBBLEBANK,Cobblebank,26,461104.0769
575,2019,COBURG,Coburg,307,802674.7818
576,2019,COBURG NORTH,Coburg North,105,764387.5143
577,2019,COCKATOO,Cockatoo,72,625080.5556
578,2019,COLDSTREAM,Coldstream,20,668897.5
579,2019,COLLINGWOOD,Collingwood,150,771406.3333
580,2019,COOLAROO,Coolaroo,22,450704.5455
581,2019,CORA LYNN,Cora Lynn,1,870000
582,2019,COTTLES BRIDGE,Cottles Bridge,2,946000
583,2019,CRAIGIEBURN,Craigieburn,823,520914.8651
584,2019,CRANBOURNE,Cranbourne,303,496464.2145
585,2019,CRANBOURNE EAST,Cranbourne East,267,564419.4307
586,2019,CRANBOURNE NORTH,Cranbourne North,338,567563.4556
587,2019,CRANBOURNE SOUTH,Cranbourne South,7,850842.8571
588,2019,CRANBOURNE WEST,Cranbourne West,296,516073.598
589,2019,CREMORNE,Cremorne,5,1112000
590,2019,CRIB POINT,Crib Point,71,503295.7746
591,2019,CROYDON,Croydon,502,671415.9861
592,2019,CROYDON HILLS,Croydon Hills,58,840350.9138
593,2019,CROYDON NORTH,Croydon North,122,767004.5246
594,2019,CROYDON SOUTH,Croydon South,74,713299.8108
595,2019,DALLAS,Dallas,58,451194.5862
596,2019,DALMORE,Dalmore,1,650000
597,2019,DANDENONG,Dandenong,323,464660.6006
598,2019,DANDENONG NORTH,Dandenong North,227,584743.4978
599,2019,DEEPDENE,Deepdene,17,3077341.176
600,2019,DEER PARK,Deer Park,212,548983.5991
601,2019,DELAHEY,Delahey,79,514858.2278
602,2019,DERRIMUT,Derrimut,88,652411.5909
603,2019,DEVON MEADOWS,Devon Meadows,10,1004700
604,2019,DIAMOND CREEK,Diamond Creek,184,774948.1413
605,2019,DIGGERS REST,Diggers Rest,55,536913.6182
606,2019,DINGLEY VILLAGE,Dingley Village,108,792693.6852
607,2019,DIXONS CREEK,Dixons Creek,3,1233333.333
608,2019,DOCKLANDS,Docklands,312,749982.5417
609,2019,DON VALLEY,Don Valley,6,735000
610,2019,DONCASTER,Doncaster,408,962223.8088
611,2019,DONCASTER EAST,Doncaster East,358,1053356.307
612,2019,DONNYBROOK,Donnybrook,9,533133.2222
613,2019,DONVALE,Donvale,182,1160399.989
614,2019,DOREEN,Doreen,489,615224.7035
615,2019,DOVETON,Doveton,142,451992.993
616,2019,DROMANA,Dromana,146,741612.5
617,2019,EAGLEMONT,Eaglemont,57,1667847.368
618,2019,EAST MELBOURNE,East Melbourne,72,1233048.611
619,2019,EAST WARBURTON,East Warburton,23,509691.3043
620,2019,EDEN PARK,Eden Park,9,981111.1111
621,2019,EDITHVALE,Edithvale,122,870295.1639
622,2019,ELSTERNWICK,Elsternwick,139,1321127.252
623,2019,ELTHAM,Eltham,267,902189.9588
624,2019,ELTHAM NORTH,Eltham North,75,988818.84
625,2019,ELWOOD,Elwood,282,1061222.443
626,2019,EMERALD,Emerald,83,691664.4578
627,2019,ENDEAVOUR HILLS,Endeavour Hills,259,617662.9575
628,2019,EPPING,Epping,347,539498.9452
629,2019,ESSENDON,Essendon,294,989614.9626
630,2019,ESSENDON NORTH,Essendon North,43,751046.6977
631,2019,ESSENDON WEST,Essendon West,17,1110117.647
632,2019,EUMEMMERRING,Eumemmerring,24,477868.75
633,2019,EYNESBURY,Eynesbury,54,572492.5926
634,2019,FAIRFIELD,Fairfield,84,965828.631
635,2019,FAWKNER,Fawkner,163,613594.5215
636,2019,FERNTREE GULLY,Ferntree Gully,362,662336.0304
637,2019,FERNY CREEK,Ferny Creek,28,830946.4286
638,2019,FINGAL,Fingal,14,1049857.143
639,2019,FITZROY,Fitzroy,159,1150978.931
640,2019,FITZROY NORTH,Fitzroy North,147,1156787.279
641,2019,FLEMINGTON,Flemington,106,825533.0189
642,2019,FLINDERS,Flinders,27,1975538.63
643,2019,FOOTSCRAY,Footscray,264,605992.0455
644,2019,FOREST HILL,Forest Hill,137,880658.9562
645,2019,FRANKSTON,Frankston,729,531182.07
646,2019,FRANKSTON NORTH,Frankston North,91,422177.6923
647,2019,FRANKSTON SOUTH,Frankston South,314,871074.0255
648,2019,FRASER RISE,Fraser Rise,99,598520.202
649,2019,GARDENVALE,Gardenvale,16,1028781.25
650,2019,GARFIELD,Garfield,27,571518.5185
651,2019,GEMBROOK,Gembrook,40,675965
652,2019,GLADSTONE PARK,Gladstone Park,86,615058.1395
653,2019,GLADYSDALE,Gladysdale,1,875000
654,2019,GLEN HUNTLY,Glen Huntly,76,654481.5789
655,2019,GLEN IRIS,Glen Iris,329,1408256.347
656,2019,GLEN WAVERLEY,Glen Waverley,470,1293514.366
657,2019,GLENROY,Glenroy,378,621262.7725
658,2019,GOWANBRAE,Gowanbrae,23,745956.5217
659,2019,GREENSBOROUGH,Greensborough,345,776379.2667
660,2019,GREENVALE,Greenvale,188,753900.6702
661,2019,GRUYERE,Gruyere,7,1538000
662,2019,GUYS HILL,Guys Hill,3,2810000
663,2019,HADFIELD,Hadfield,104,664030.9615
664,2019,HALLAM,Hallam,126,527828.5714
665,2019,HAMPTON,Hampton,204,1478752.353
666,2019,HAMPTON EAST,Hampton East,75,982714.6667
667,2019,HAMPTON PARK,Hampton Park,272,491121.0956
668,2019,HARKAWAY,Harkaway,6,2227000
669,2019,HARKNESS,Harkness,206,469677.1845
670,2019,HASTINGS,Hastings,193,491280.5078
671,2019,HAWTHORN,Hawthorn,339,1207110.319
672,2019,HAWTHORN EAST,Hawthorn East,195,1419157.108
673,2019,HEALESVILLE,Healesville,139,623111.5108
674,2019,HEATHERTON,Heatherton,34,839022.0588
675,2019,HEATHMONT,Heathmont,133,838547.2782
676,2019,HEIDELBERG,Heidelberg,98,892244.2143
677,2019,HEIDELBERG HEIGHTS,Heidelberg Heights,108,720451.6574
678,2019,HEIDELBERG WEST,Heidelberg West,78,629532.7564
679,2019,HIGHETT,Highett,215,951425.4698
680,2019,HILLSIDE,Hillside,175,652899.4286
681,2019,HODDLES CREEK,Hoddles Creek,4,835250
682,2019,HOPPERS CROSSING,Hoppers Crossing,439,548803.1822
683,2019,HUGHESDALE,Hughesdale,96,960876.9688
684,2019,HUMEVALE,Humevale,1,927500
685,2019,HUNTINGDALE,Huntingdale,22,824636.3636
686,2019,HURSTBRIDGE,Hurstbridge,50,797215
687,2019,IONA,Iona,1,793000
688,2019,IVANHOE,Ivanhoe,173,1123293.497
689,2019,IVANHOE EAST,Ivanhoe East,42,1451092.571
690,2019,JACANA,Jacana,40,506155
691,2019,JUNCTION VILLAGE,Junction Village,12,535247.5
692,2019,KALKALLO,Kalkallo,74,536214.8649
693,2019,KALLISTA,Kallista,18,877416.6667
694,2019,KALORAMA,Kalorama,25,650980
695,2019,KANGAROO GROUND,Kangaroo Ground,10,1391615
696,2019,KEALBA,Kealba,18,584694.4444
697,2019,KEILOR,Keilor,61,875926.2295
698,2019,KEILOR DOWNS,Keilor Downs,71,625625.1831
699,2019,KEILOR EAST,Keilor East,192,816990.1042
700,2019,KEILOR LODGE,Keilor Lodge,2,796000
701,2019,KEILOR NORTH,Keilor North,1,1780000
702,2019,KEILOR PARK,Keilor Park,20,694125
703,2019,KENSINGTON,Kensington,196,825836.9898
704,2019,KEW,Kew,302,1808663.407
705,2019,KEW EAST,Kew East,71,1533432.394
706,2019,KEYSBOROUGH,Keysborough,308,756446.237
707,2019,KILSYTH,Kilsyth,211,632874.1469
708,2019,KILSYTH SOUTH,Kilsyth South,22,865975
709,2019,KINGS PARK,Kings Park,61,500795.082
710,2019,KINGSBURY,Kingsbury,34,642147.0588
711,2019,KINGSVILLE,Kingsville,83,734085.0602
712,2019,KNOXFIELD,Knoxfield,101,741414
713,2019,KOO WEE RUP,Koo Wee Rup,52,531536.5385
714,2019,KOOYONG,Kooyong,6,2200833.333
715,2019,KURUNJANG,Kurunjang,157,457294.3949
716,2019,LALOR,Lalor,220,588317.2773
717,2019,LANG LANG,Lang Lang,35,478642.8571
718,2019,LANG LANG EAST,Lang Lang East,1,910000
719,2019,LANGWARRIN,Langwarrin,367,619821.8965
720,2019,LANGWARRIN SOUTH,Langwarrin South,7,1298214.286
721,2019,LAUNCHING PLACE,Launching Place,38,642927.6842
722,2019,LAVERTON,Laverton,95,519944.9474
723,2019,LILYDALE,Lilydale,270,665121.4296
724,2019,LITTLE RIVER,Little River,7,1607142.857
725,2019,LOWER PLENTY,Lower Plenty,63,935607.9206
726,2019,LYNBROOK,Lynbrook,62,618517.4355
727,2019,LYNDHURST,Lyndhurst,102,673349.8824
728,2019,LYSTERFIELD,Lysterfield,60,1091955
729,2019,LYSTERFIELD SOUTH,Lysterfield South,6,1045833.333
730,2019,MACCLESFIELD,Macclesfield,5,1145400
731,2019,MACLEOD,Macleod,130,883439.8385
732,2019,MAIDSTONE,Maidstone,151,640026.4901
733,2019,MAIN RIDGE,Main Ridge,4,2226250
734,2019,MALVERN,Malvern,121,1754604.124
735,2019,MALVERN EAST,Malvern East,255,1480992.298
736,2019,MAMBOURIN,Mambourin,1,537570
737,2019,MANOR LAKES,Manor Lakes,135,539937.6741
738,2019,MARIBYRNONG,Maribyrnong,183,743382.377
739,2019,MARYKNOLL,Maryknoll,3,871666.6667
740,2019,MCCRAE,Mccrae,73,796416.4384
741,2019,MCKINNON,Mckinnon,70,1263883.214
742,2019,MCMAHONS CREEK,Mcmahons Creek,6,373000
743,2019,MEADOW HEIGHTS,Meadow Heights,132,466158.1439
744,2019,MELBOURNE,Melbourne,732,531936.168
745,2019,MELTON,Melton,177,380466.0452
746,2019,MELTON SOUTH,Melton South,249,398547.4618
747,2019,MELTON WEST,Melton West,166,438821.8253
748,2019,MENTONE,Mentone,205,817191.1561
749,2019,MENZIES CREEK,Menzies Creek,10,907670
750,2019,MERNDA,Mernda,339,576180.944
751,2019,MERRICKS,Merricks,3,5083333.333
752,2019,MERRICKS BEACH,Merricks Beach,2,2525000
753,2019,MERRICKS NORTH,Merricks North,5,2554044.4
754,2019,MICKLEHAM,Mickleham,237,558292.2785
755,2019,MIDDLE PARK,Middle Park,48,2008166.667
756,2019,MILL PARK,Mill Park,279,641992.0108
757,2019,MILLGROVE,Millgrove,37,419521.4865
758,2019,MITCHAM,Mitcham,240,844871.7917
759,2019,MONBULK,Monbulk,36,704166.6667
760,2019,MONOMEITH,Monomeith,1,1025000
761,2019,MONT ALBERT,Mont Albert,58,1221163.793
762,2019,MONT ALBERT NORTH,Mont Albert North,88,1248164.17
763,2019,MONTMORENCY,Montmorency,147,845412.9252
764,2019,MONTROSE,Montrose,82,751342.3659
765,2019,MOONEE PONDS,Moonee Ponds,184,1025086.951
766,2019,MOORABBIN,Moorabbin,102,930338.5098
767,2019,MOOROODUC,Moorooduc,2,943250
768,2019,MOOROOLBARK,Mooroolbark,342,666823.8304
769,2019,MORDIALLOC,Mordialloc,148,829111.75
770,2019,MORNINGTON,Mornington,514,856787.8949
771,2019,MOUNT DANDENONG,Mount Dandenong,22,807772.7273
772,2019,MOUNT ELIZA,Mount Eliza,310,1314986.613
773,2019,MOUNT EVELYN,Mount Evelyn,122,668071.7377
774,2019,MOUNT MARTHA,Mount Martha,355,1101229.577
775,2019,MOUNT TOOLEBEWONG,Mount Toolebewong,1,605000
776,2019,MOUNT WAVERLEY,Mount Waverley,509,1215285.285
777,2019,MULGRAVE,Mulgrave,215,836986.7535
778,2019,MURRUMBEENA,Murrumbeena,135,842541.4741
779,2019,NAR NAR GOON,Nar Nar Goon,4,721450
780,2019,NAR NAR GOON NORTH,Nar Nar Goon North,4,906500
781,2019,NARRE WARREN,Narre Warren,335,575152.8119
782,2019,NARRE WARREN EAST,Narre Warren East,3,1723333.333
783,2019,NARRE WARREN NORTH,Narre Warren North,54,1210490.741
784,2019,NARRE WARREN SOUTH,Narre Warren South,338,655604.7367
785,2019,NEWPORT,Newport,232,1019723.405
786,2019,NIDDRIE,Niddrie,89,910167.4157
787,2019,NOBLE PARK,Noble Park,387,543994.2661
788,2019,NOBLE PARK NORTH,Noble Park North,53,622232.0755
789,2019,NORTH MELBOURNE,North Melbourne,193,690424.7772
790,2019,NORTH WARRANDYTE,North Warrandyte,39,1102258.974
791,2019,NORTHCOTE,Northcote,379,1104547.23
792,2019,NOTTING HILL,Notting Hill,45,591495.5556
793,2019,NUNAWADING,Nunawading,152,886956.9539
794,2019,OAK PARK,Oak Park,103,763408.7379
795,2019,OAKLANDS JUNCTION,Oaklands Junction,2,956500
796,2019,OAKLEIGH,Oakleigh,79,905035.443
797,2019,OAKLEIGH EAST,Oakleigh East,77,883748.3896
798,2019,OAKLEIGH SOUTH,Oakleigh South,111,879208.3784
799,2019,OFFICER,Officer,247,570090.1943
800,2019,OFFICER SOUTH,Officer South,2,665000
801,2019,OLINDA,Olinda,25,856740
802,2019,ORMOND,Ormond,100,996257.17
803,2019,PAKENHAM,Pakenham,959,491972.9729
804,2019,PAKENHAM SOUTH,Pakenham South,2,887500
805,2019,PAKENHAM UPPER,Pakenham Upper,4,1063750
806,2019,PANTON HILL,Panton Hill,6,999416.6667
807,2019,PARK ORCHARDS,Park Orchards,35,1649794.286
808,2019,PARKDALE,Parkdale,185,1031739.524
809,2019,PARKVILLE,Parkville,51,828397.0588
810,2019,PASCOE VALE,Pascoe Vale,312,731402.859
811,2019,PASCOE VALE SOUTH,Pascoe Vale South,117,918468.735
812,2019,PATTERSON LAKES,Patterson Lakes,146,904230.4178
813,2019,PEARCEDALE,Pearcedale,46,718626.087
814,2019,PLENTY,Plenty,16,1525453.125
815,2019,PLUMPTON,Plumpton,11,442834.3636
816,2019,POINT COOK,Point Cook,719,641206.0403
817,2019,PORT MELBOURNE,Port Melbourne,314,1162821.045
818,2019,PORTSEA,Portsea,33,2367500
819,2019,POWELLTOWN,Powelltown,4,419400
820,2019,PRAHRAN,Prahran,310,947270.571
821,2019,PRESTON,Preston,445,779130.591
822,2019,PRINCES HILL,Princes Hill,1,1085000
823,2019,RED HILL,Red Hill,21,1527904.762
824,2019,RED HILL SOUTH,Red Hill South,2,1712500
825,2019,REEFTON,Reefton,1,370000
826,2019,RESEARCH,Research,38,1051886.842
827,2019,RESERVOIR,Reservoir,640,671456.9438
828,2019,RICHMOND,Richmond,488,954446.1045
829,2019,RINGWOOD,Ringwood,308,734382.3312
830,2019,RINGWOOD EAST,Ringwood East,171,727155.8538
831,2019,RINGWOOD NORTH,Ringwood North,108,879165.7407
832,2019,RIPPONLEA,Ripponlea,13,628923.0769
833,2019,ROCKBANK,Rockbank,23,487045.3043
834,2019,ROSANNA,Rosanna,118,896356.7797
835,2019,ROSEBUD,Rosebud,371,603768.2695
836,2019,ROWVILLE,Rowville,334,807542.1796
837,2019,ROXBURGH PARK,Roxburgh Park,233,538267.4807
838,2019,RYE,Rye,322,790280.4348
839,2019,SAFETY BEACH,Safety Beach,148,829920.7365
840,2019,SANDHURST,Sandhurst,93,815936.0215
841,2019,SANDRINGHAM,Sandringham,166,1200721.054
842,2019,SASSAFRAS,Sassafras,12,841541.6667
843,2019,SCORESBY,Scoresby,69,776831.8841
844,2019,SEABROOK,Seabrook,57,598203.2632
845,2019,SEAFORD,Seaford,332,617904.8102
846,2019,SEAHOLME,Seaholme,25,1121274.16
847,2019,SEDDON,Seddon,95,971278.9474
848,2019,SELBY,Selby,21,679020.0952
849,2019,SEVILLE,Seville,26,674982.4615
850,2019,SEVILLE EAST,Seville East,16,614476.1875
851,2019,SHERBROOKE,Sherbrooke,3,1187666.667
852,2019,SHOREHAM,Shoreham,7,2495000
853,2019,SILVAN,Silvan,17,907699.2941
854,2019,SKYE,Skye,144,611315.2639
855,2019,SMITHS GULLY,Smiths Gully,3,1086166.667
856,2019,SOMERS,Somers,50,1108742.04
857,2019,SOMERVILLE,Somerville,163,627339.5521
858,2019,SORRENTO,Sorrento,88,1811437.5
859,2019,SOUTH KINGSVILLE,South Kingsville,42,719541.6667
860,2019,SOUTH MELBOURNE,South Melbourne,205,950699.1805
861,2019,SOUTH MORANG,South Morang,269,625649.0706
862,2019,SOUTH YARRA,South Yarra,425,956565.5553
863,2019,SOUTHBANK,Southbank,390,650290.0667
864,2019,SPOTSWOOD,Spotswood,45,895281.1111
865,2019,SPRINGVALE,Springvale,150,671580.2
866,2019,SPRINGVALE SOUTH,Springvale South,81,609783.1852
867,2019,ST ALBANS,St Albans,329,552842.6657
868,2019,ST ANDREWS,St Andrews,14,935964.2857
869,2019,ST ANDREWS BEACH,St Andrews Beach,26,989730.7692
870,2019,ST HELENA,St Helena,37,914825.6757
871,2019,ST KILDA,St Kilda,416,692023.1226
872,2019,ST KILDA EAST,St Kilda East,274,839505.1971
873,2019,ST KILDA WEST,St Kilda West,55,1134400
874,2019,STEELS CREEK,Steels Creek,2,1480000
875,2019,STRATHEWEN,Strathewen,3,1440000
876,2019,STRATHMORE,Strathmore,127,1185243.307
877,2019,STRATHMORE HEIGHTS,Strathmore Heights,13,814692.3077
878,2019,STRATHTULLOH,Strathtulloh,3,450166.6667
879,2019,SUNBURY,Sunbury,598,568296.7391
880,2019,SUNSHINE,Sunshine,132,660576.5152
881,2019,SUNSHINE NORTH,Sunshine North,112,653658.9286
882,2019,SUNSHINE WEST,Sunshine West,184,603748.3043
883,2019,SURREY HILLS,Surrey Hills,165,1482891.436
884,2019,SYDENHAM,Sydenham,113,538987.6106
885,2019,TARNEIT,Tarneit,644,546750.8898
886,2019,TARRAWARRA,Tarrawarra,1,2375000
887,2019,TAYLORS HILL,Taylors Hill,126,709259.5238
888,2019,TAYLORS LAKES,Taylors Lakes,97,778919.0722
889,2019,TECOMA,Tecoma,29,653293.1034
890,2019,TEMPLESTOWE,Templestowe,216,1273749.866
891,2019,TEMPLESTOWE LOWER,Templestowe Lower,165,1049741.018
892,2019,THE BASIN,The Basin,41,688568.2927
893,2019,THE PATCH,The Patch,13,902653.8462
894,2019,THOMASTOWN,Thomastown,194,554360.567
895,2019,THORNBURY,Thornbury,270,946088.9074
896,2019,THORNHILL PARK,Thornhill Park,29,507482.7586
897,2019,THREE BRIDGES,Three Bridges,3,690855
898,2019,TOOLERN VALE,Toolern Vale,3,735666.6667
899,2019,TOORADIN,Tooradin,11,820136.3636
900,2019,TOORAK,Toorak,216,2368703.167
901,2019,TOOTGAROOK,Tootgarook,84,665202.381
902,2019,TRAVANCORE,Travancore,55,560310
903,2019,TREMONT,Tremont,2,837500
904,2019,TRUGANINA,Truganina,345,559546.2493
905,2019,TUERONG,Tuerong,1,1620000
906,2019,TULLAMARINE,Tullamarine,94,557239.3617
907,2019,TYABB,Tyabb,46,637239.7174
908,2019,TYNONG,Tynong,4,758750
909,2019,TYNONG NORTH,Tynong North,1,735000
910,2019,UPPER FERNTREE GULLY,Upper Ferntree Gully,50,655230.4
911,2019,UPWEY,Upwey,101,751480.198
912,2019,VERMONT,Vermont,132,941320.6818
913,2019,VERMONT SOUTH,Vermont South,98,1137496.694
914,2019,VIEWBANK,Viewbank,81,886173.1235
915,2019,WANDIN EAST,Wandin East,1,1175000
916,2019,WANDIN NORTH,Wandin North,36,681719.0833
917,2019,WANTIRNA,Wantirna,151,866574.755
918,2019,WANTIRNA SOUTH,Wantirna South,218,884786.445
919,2019,WARBURTON,Warburton,36,524805.5556
920,2019,WARNEET,Warneet,9,551055.5556
921,2019,WARRANDYTE,Warrandyte,62,1358812.097
922,2019,WARRANDYTE SOUTH,Warrandyte South,5,1760000
923,2019,WARRANWOOD,Warranwood,46,957635.4348
924,2019,WATERWAYS,Waterways,14,1209563.429
925,2019,WATSONIA,Watsonia,67,712307.1791
926,2019,WATSONIA NORTH,Watsonia North,39,737669.2308
927,2019,WATTLE GLEN,Wattle Glen,22,837863.6364
928,2019,WEIR VIEWS,Weir Views,23,426421.7391
929,2019,WERRIBEE,Werribee,629,511363.1208
930,2019,WERRIBEE SOUTH,Werribee South,15,650518.4667
931,2019,WESBURN,Wesburn,12,750625
932,2019,WEST FOOTSCRAY,West Footscray,163,693413.4908
933,2019,WEST MELBOURNE,West Melbourne,97,777521.6392
934,2019,WESTMEADOWS,Westmeadows,89,570028.0899
935,2019,WHEELERS HILL,Wheelers Hill,171,1145151.152
936,2019,WHITTLESEA,Whittlesea,94,617389.3617
937,2019,WILLIAMS LANDING,Williams Landing,95,689276.8421
938,2019,WILLIAMSTOWN,Williamstown,217,1247306.452
939,2019,WILLIAMSTOWN NORTH,Williamstown North,7,896285.7143
940,2019,WINDSOR,Windsor,59,826762.2881
941,2019,WOLLERT,Wollert,324,559130.0679
942,2019,WONGA PARK,Wonga Park,36,1356538.556
943,2019,WOORI YALLOCK,Woori Yallock,36,556808.3333
944,2019,WYNDHAM VALE,Wyndham Vale,282,475086.5957
945,2019,YALLAMBIE,Yallambie,41,819268.2927
946,2019,YAN YEAN,Yan Yean,3,955666.6667
947,2019,YANNATHAN,Yannathan,1,870000
948,2019,YARRA GLEN,Yarra Glen,33,692228.6364
949,2019,YARRA JUNCTION,Yarra Junction,44,562958.6364
950,2019,YARRAMBAT,Yarrambat,8,1278125
951,2019,YARRAVILLE,Yarraville,248,942551.2984
952,2019,YELLINGBO,Yellingbo,4,1031250
953,2019,YERING,Yering,1,1700000
954,2020,ABBOTSFORD,Abbotsford,134,841728.0299
955,2020,ABERFELDIE,Aberfeldie,29,1443206.897
956,2020,AINTREE,Aintree,78,705557.7564
957,2020,AIRPORT WEST,Airport West,130,772938.4615
958,2020,ALBANVALE,Albanvale,43,542843.6279
959,2020,ALBERT PARK,Albert Park,51,2088411.765
960,2020,ALBION,Albion,60,521050
961,2020,ALPHINGTON,Alphington,43,1247441.86
962,2020,ALTONA,Altona,174,863957.4023
963,2020,ALTONA MEADOWS,Altona Meadows,153,615151.7516
964,2020,ALTONA NORTH,Altona North,174,776166.6667
965,2020,ARDEER,Ardeer,42,585320.2619
966,2020,ARMADALE,Armadale,93,1125053.753
967,2020,ARTHURS CREEK,Arthurs Creek,3,1165000
968,2020,ARTHURS SEAT,Arthurs Seat,9,1357888.889
969,2020,ASCOT VALE,Ascot Vale,179,1093813.503
970,2020,ASHBURTON,Ashburton,67,1574334.149
971,2020,ASHWOOD,Ashwood,56,1127850
972,2020,ASPENDALE,Aspendale,88,1175541.909
973,2020,ASPENDALE GARDENS,Aspendale Gardens,38,929644.7368
974,2020,ATTWOOD,Attwood,25,820360
975,2020,AVONDALE HEIGHTS,Avondale Heights,103,863777.5534
976,2020,AVONSLEIGH,Avonsleigh,10,788050
977,2020,BADGER CREEK,Badger Creek,10,601250
978,2020,BALACLAVA,Balaclava,55,862008.1818
979,2020,BALNARRING,Balnarring,22,957363.6364
980,2020,BALNARRING BEACH,Balnarring Beach,13,1356846.154
981,2020,BALWYN,Balwyn,103,1772013.466
982,2020,BALWYN NORTH,Balwyn North,152,1787673.908
983,2020,BAXTER,Baxter,32,563784.375
984,2020,BAYSWATER,Bayswater,185,663948.7351
985,2020,BAYSWATER NORTH,Bayswater North,137,649198.5401
986,2020,BEACONSFIELD,Beaconsfield,91,790883.5714
987,2020,BEACONSFIELD UPPER,Beaconsfield Upper,23,1121065.217
988,2020,BEAUMARIS,Beaumaris,132,1580736.364
989,2020,BELGRAVE,Belgrave,51,693946.0784
990,2020,BELGRAVE HEIGHTS,Belgrave Heights,17,847117.6471
991,2020,BELGRAVE SOUTH,Belgrave South,12,1010833.333
992,2020,BELLFIELD,Bellfield,24,810458.2917
993,2020,BEND OF ISLANDS,Bend Of Islands,3,533333.3333
994,2020,BENTLEIGH,Bentleigh,186,1061028.763
995,2020,BENTLEIGH EAST,Bentleigh East,318,1116752.016
996,2020,BERWICK,Berwick,583,738486.3842
997,2020,BIG PATS CREEK,Big Pats Creek,3,734333.3333
998,2020,BITTERN,Bittern,57,814429.8246
999,2020,BLACK ROCK,Black Rock,75,1563905.987
1000,2020,BLACKBURN,Blackburn,164,1185590.085
1001,2020,BLACKBURN NORTH,Blackburn North,80,1028120.475
1002,2020,BLACKBURN SOUTH,Blackburn South,82,1082849.378
1003,2020,BLAIRGOWRIE,Blairgowrie,126,1292119.048
1004,2020,BLIND BIGHT,Blind Bight,18,627833.3333
1005,2020,BONBEACH,Bonbeach,124,788473.8065
1006,2020,BORONIA,Boronia,366,663280.2213
1007,2020,BOTANIC RIDGE,Botanic Ridge,100,716749.49
1008,2020,BOX HILL,Box Hill,127,833944.3701
1009,2020,BOX HILL NORTH,Box Hill North,126,1121765.079
1010,2020,BOX HILL SOUTH,Box Hill South,98,1091935.122
1011,2020,BRAYBROOK,Braybrook,99,693938.2626
1012,2020,BRIAR HILL,Briar Hill,41,817446.3415
1013,2020,BRIGHTON,Brighton,197,2150314.416
1014,2020,BRIGHTON EAST,Brighton East,110,1755118.182
1015,2020,BROADMEADOWS,Broadmeadows,106,500588.6981
1016,2020,BROOKFIELD,Brookfield,124,509980.6452
1017,2020,BROOKLYN,Brooklyn,37,639581.0811
1018,2020,BRUNSWICK,Brunswick,314,862551.2675
1019,2020,BRUNSWICK EAST,Brunswick East,190,791057.2263
1020,2020,BRUNSWICK WEST,Brunswick West,177,750817.8023
1021,2020,BULLEEN,Bulleen,97,1040464.835
1022,2020,BUNDOORA,Bundoora,275,686204.8545
1023,2020,BUNYIP,Bunyip,42,609571.4286
1024,2020,BURNLEY,Burnley,2,1095500
1025,2020,BURNSIDE,Burnside,40,663937.5
1026,2020,BURNSIDE HEIGHTS,Burnside Heights,61,671118.0328
1027,2020,BURWOOD,Burwood,139,1033830.007
1028,2020,BURWOOD EAST,Burwood East,89,1004793.034
1029,2020,CAIRNLEA,Cairnlea,59,800067.7966
1030,2020,CAMBERWELL,Camberwell,155,1574280.735
1031,2020,CAMPBELLFIELD,Campbellfield,22,518113.6364
1032,2020,CANNONS CREEK,Cannons Creek,7,615514.2857
1033,2020,CANTERBURY,Canterbury,50,2373150
1034,2020,CAPE SCHANCK,Cape Schanck,16,1136750
1035,2020,CAPEL SOUND,Capel Sound,104,601891.6346
1036,2020,CARDINIA,Cardinia,3,838333.3333
1037,2020,CARLTON,Carlton,144,537474.1389
1038,2020,CARLTON NORTH,Carlton North,58,1385750
1039,2020,CARNEGIE,Carnegie,213,852278.5587
1040,2020,CAROLINE SPRINGS,Caroline Springs,240,638856.6167
1041,2020,CARRUM,Carrum,80,756043.625
1042,2020,CARRUM DOWNS,Carrum Downs,339,555929.6106
1043,2020,CATANI,Catani,1,780000
1044,2020,CAULFIELD,Caulfield,39,1118160.256
1045,2020,CAULFIELD EAST,Caulfield East,18,1008405.556
1046,2020,CAULFIELD NORTH,Caulfield North,122,1207959.328
1047,2020,CAULFIELD SOUTH,Caulfield South,107,1387666.925
1048,2020,CHADSTONE,Chadstone,104,916432.5096
1049,2020,CHELSEA,Chelsea,149,751174.9732
1050,2020,CHELSEA HEIGHTS,Chelsea Heights,50,797686
1051,2020,CHELTENHAM,Cheltenham,273,902194.6777
1052,2020,CHIRNSIDE PARK,Chirnside Park,138,843429.2754
1053,2020,CHRISTMAS HILLS,Christmas Hills,2,791250
1054,2020,CHUM CREEK,Chum Creek,5,691000
1055,2020,CLARINDA,Clarinda,59,786149.6949
1056,2020,CLAYTON,Clayton,145,789377.931
1057,2020,CLAYTON SOUTH,Clayton South,103,687878.2621
1058,2020,CLEMATIS,Clematis,4,678750
1059,2020,CLIFTON HILL,Clifton Hill,71,1281293.31
1060,2020,CLYDE,Clyde,186,563844.8656
1061,2020,CLYDE NORTH,Clyde North,369,610140.8672
1062,2020,COBBLEBANK,Cobblebank,37,512013.5135
1063,2020,COBURG,Coburg,305,915772.1967
1064,2020,COBURG NORTH,Coburg North,102,820594.1176
1065,2020,COCKATOO,Cockatoo,62,649738.1452
1066,2020,COLDSTREAM,Coldstream,26,662057.7692
1067,2020,COLLINGWOOD,Collingwood,125,801924
1068,2020,COOLAROO,Coolaroo,22,464954.5455
1069,2020,CORA LYNN,Cora Lynn,1,672000
1070,2020,COTTLES BRIDGE,Cottles Bridge,4,928750
1071,2020,CRAIGIEBURN,Craigieburn,735,560831.5184
1072,2020,CRANBOURNE,Cranbourne,267,532325.4419
1073,2020,CRANBOURNE EAST,Cranbourne East,258,579258.1434
1074,2020,CRANBOURNE NORTH,Cranbourne North,258,586860.6628
1075,2020,CRANBOURNE SOUTH,Cranbourne South,22,781129.9545
1076,2020,CRANBOURNE WEST,Cranbourne West,245,555003.6776
1077,2020,CREMORNE,Cremorne,4,1080000
1078,2020,CRIB POINT,Crib Point,51,539754.902
1079,2020,CROYDON,Croydon,412,713882.7136
1080,2020,CROYDON HILLS,Croydon Hills,42,943508.381
1081,2020,CROYDON NORTH,Croydon North,97,826592.2577
1082,2020,CROYDON SOUTH,Croydon South,72,776473.0278
1083,2020,DALLAS,Dallas,53,470596.2264
1084,2020,DANDENONG,Dandenong,292,492846.3527
1085,2020,DANDENONG NORTH,Dandenong North,160,691981.9313
1086,2020,DEANSIDE,Deanside,12,465178.25
1087,2020,DEEPDENE,Deepdene,8,1951000
1088,2020,DEER PARK,Deer Park,186,574055.043
1089,2020,DELAHEY,Delahey,59,556438.9831
1090,2020,DERRIMUT,Derrimut,48,661310.3958
1091,2020,DEVON MEADOWS,Devon Meadows,4,936750
1092,2020,DEWHURST,Dewhurst,2,1225000
1093,2020,DIAMOND CREEK,Diamond Creek,134,829727.1493
1094,2020,DIGGERS REST,Diggers Rest,75,536892.9733
1095,2020,DINGLEY VILLAGE,Dingley Village,71,884509.1549
1096,2020,DOCKLANDS,Docklands,254,650851.9173
1097,2020,DON VALLEY,Don Valley,1,780000
1098,2020,DONCASTER,Doncaster,230,935703.5913
1099,2020,DONCASTER EAST,Doncaster East,305,1109590.797
1100,2020,DONNYBROOK,Donnybrook,21,575850
1101,2020,DONVALE,Donvale,117,1214074.803
1102,2020,DOREEN,Doreen,367,655491.4523
1103,2020,DOVETON,Doveton,121,482404.1818
1104,2020,DROMANA,Dromana,137,780150.6423
1105,2020,EAGLEMONT,Eaglemont,33,1710866.667
1106,2020,EAST MELBOURNE,East Melbourne,59,1128347.441
1107,2020,EAST WARBURTON,East Warburton,8,519631.25
1108,2020,EDEN PARK,Eden Park,10,1129750
1109,2020,EDITHVALE,Edithvale,107,888429.9159
1110,2020,ELSTERNWICK,Elsternwick,110,1034460.455
1111,2020,ELTHAM,Eltham,214,991590.6682
1112,2020,ELTHAM NORTH,Eltham North,62,1032451.613
1113,2020,ELWOOD,Elwood,225,1021651.973
1114,2020,EMERALD,Emerald,70,764255.7143
1115,2020,ENDEAVOUR HILLS,Endeavour Hills,230,669691.087
1116,2020,EPPING,Epping,294,569803.3333
1117,2020,ESSENDON,Essendon,259,1007246.718
1118,2020,ESSENDON NORTH,Essendon North,49,757491.8367
1119,2020,ESSENDON WEST,Essendon West,19,1133052.632
1120,2020,EUMEMMERRING,Eumemmerring,31,498779.2258
1121,2020,EYNESBURY,Eynesbury,41,626890.2683
1122,2020,FAIRFIELD,Fairfield,65,961294.6
1123,2020,FAWKNER,Fawkner,139,665397.9496
1124,2020,FERNTREE GULLY,Ferntree Gully,306,717904.8464
1125,2020,FERNY CREEK,Ferny Creek,15,924466.6667
1126,2020,FINGAL,Fingal,31,1188193.548
1127,2020,FITZROY,Fitzroy,111,1189333.324
1128,2020,FITZROY NORTH,Fitzroy North,120,1319365.733
1129,2020,FLEMINGTON,Flemington,83,786367.3976
1130,2020,FLINDERS,Flinders,21,2307476.19
1131,2020,FOOTSCRAY,Footscray,225,638476.3022
1132,2020,FOREST HILL,Forest Hill,97,921426.1649
1133,2020,FRANKSTON,Frankston,685,561569.6044
1134,2020,FRANKSTON NORTH,Frankston North,102,450416.6667
1135,2020,FRANKSTON SOUTH,Frankston South,254,924034.2283
1136,2020,FRASER RISE,Fraser Rise,106,592249.5943
1137,2020,GARDENVALE,Gardenvale,7,1767142.857
1138,2020,GARFIELD,Garfield,18,559583.3333
1139,2020,GARFIELD NORTH,Garfield North,2,1375000
1140,2020,GEMBROOK,Gembrook,27,753888.1481
1141,2020,GILDEROY,Gilderoy,1,965000
1142,2020,GLADSTONE PARK,Gladstone Park,70,628192.8571
1143,2020,GLADYSDALE,Gladysdale,3,641166.6667
1144,2020,GLEN HUNTLY,Glen Huntly,69,739850.942
1145,2020,GLEN IRIS,Glen Iris,208,1388450.702
1146,2020,GLEN WAVERLEY,Glen Waverley,317,1334836.53
1147,2020,GLENROY,Glenroy,285,650855.6807
1148,2020,GOWANBRAE,Gowanbrae,28,706767.8571
1149,2020,GREENSBOROUGH,Greensborough,228,819643.9167
1150,2020,GREENVALE,Greenvale,206,755983.7913
1151,2020,GRUYERE,Gruyere,7,1546785.714
1152,2020,GUYS HILL,Guys Hill,1,1350000
1153,2020,HADFIELD,Hadfield,93,659747.3118
1154,2020,HALLAM,Hallam,97,578373.7113
1155,2020,HAMPTON,Hampton,131,1559543.893
1156,2020,HAMPTON EAST,Hampton East,83,1103834.145
1157,2020,HAMPTON PARK,Hampton Park,254,526650.1693
1158,2020,HARKAWAY,Harkaway,12,1531458.333
1159,2020,HARKNESS,Harkness,166,481531.3193
1160,2020,HASTINGS,Hastings,186,526767.6075
1161,2020,HAWTHORN,Hawthorn,214,1100562.136
1162,2020,HAWTHORN EAST,Hawthorn East,128,1372763.344
1163,2020,HEALESVILLE,Healesville,107,631505.1402
1164,2020,HEATHERTON,Heatherton,26,926442.3077
1165,2020,HEATHMONT,Heathmont,94,870266.1596
1166,2020,HEIDELBERG,Heidelberg,80,849116.9875
1167,2020,HEIDELBERG HEIGHTS,Heidelberg Heights,103,787071.7282
1168,2020,HEIDELBERG WEST,Heidelberg West,72,685695.8333
1169,2020,HIGHETT,Highett,163,963084.6319
1170,2020,HILLSIDE,Hillside,150,694056.8333
1171,2020,HODDLES CREEK,Hoddles Creek,7,826857.1429
1172,2020,HOPPERS CROSSING,Hoppers Crossing,335,569454.2358
1173,2020,HUGHESDALE,Hughesdale,42,998940.4762
1174,2020,HUNTINGDALE,Huntingdale,18,938638.8889
1175,2020,HURSTBRIDGE,Hurstbridge,25,827709.44
1176,2020,IONA,Iona,1,660000
1177,2020,IVANHOE,Ivanhoe,112,1064388.446
1178,2020,IVANHOE EAST,Ivanhoe East,31,1742521.065
1179,2020,JACANA,Jacana,15,502933.3333
1180,2020,JUNCTION VILLAGE,Junction Village,15,539073.3333
1181,2020,KALKALLO,Kalkallo,78,570982.8205
1182,2020,KALLISTA,Kallista,15,890205.8667
1183,2020,KALORAMA,Kalorama,22,805964.7727
1184,2020,KANGAROO GROUND,Kangaroo Ground,11,1746545.455
1185,2020,KEALBA,Kealba,25,602960
1186,2020,KEILOR,Keilor,41,912865.8537
1187,2020,KEILOR DOWNS,Keilor Downs,58,637844.3103
1188,2020,KEILOR EAST,Keilor East,146,853627.9178
1189,2020,KEILOR LODGE,Keilor Lodge,1,760000
1190,2020,KEILOR PARK,Keilor Park,19,718736.8421
1191,2020,KENSINGTON,Kensington,146,887996.5685
1192,2020,KEW,Kew,193,1781295.793
1193,2020,KEW EAST,Kew East,42,1662229.024
1194,2020,KEYSBOROUGH,Keysborough,262,834826.1412
1195,2020,KILSYTH,Kilsyth,196,672983.5459
1196,2020,KILSYTH SOUTH,Kilsyth South,17,1046941.176
1197,2020,KINGS PARK,Kings Park,61,534893.4426
1198,2020,KINGSBURY,Kingsbury,30,662799.6
1199,2020,KINGSVILLE,Kingsville,48,867548.0208
1200,2020,KNOXFIELD,Knoxfield,85,758308.6824
1201,2020,KOO WEE RUP,Koo Wee Rup,54,514361.1111
1202,2020,KOOYONG,Kooyong,4,2034749.5
1203,2020,KURUNJANG,Kurunjang,131,483074.8092
1204,2020,LALOR,Lalor,196,615272.4541
1205,2020,LANG LANG,Lang Lang,34,560897.0588
1206,2020,LANGWARRIN,Langwarrin,343,651101.7551
1207,2020,LANGWARRIN SOUTH,Langwarrin South,4,952750
1208,2020,LAUNCHING PLACE,Launching Place,33,651372.7273
1209,2020,LAVERTON,Laverton,92,549823.3696
1210,2020,LILYDALE,Lilydale,227,690982.2907
1211,2020,LITTLE RIVER,Little River,5,1151000
1212,2020,LOWER PLENTY,Lower Plenty,44,1222403.523
1213,2020,LYNBROOK,Lynbrook,67,663353.9254
1214,2020,LYNDHURST,Lyndhurst,104,712383.2981
1215,2020,LYSTERFIELD,Lysterfield,45,1080120.844
1216,2020,LYSTERFIELD SOUTH,Lysterfield South,2,1152500
1217,2020,MACCLESFIELD,Macclesfield,7,1074285.714
1218,2020,MACLEOD,Macleod,120,887537.9
1219,2020,MAIDSTONE,Maidstone,129,705499.1318
1220,2020,MAIN RIDGE,Main Ridge,2,4025000
1221,2020,MALVERN,Malvern,69,1845144.942
1222,2020,MALVERN EAST,Malvern East,171,1268022.14
1223,2020,MANOR LAKES,Manor Lakes,132,577801.1212
1224,2020,MARIBYRNONG,Maribyrnong,149,722070.4295
1225,2020,MARYKNOLL,Maryknoll,2,833750
1226,2020,MCCRAE,Mccrae,70,1039464.286
1227,2020,MCKINNON,Mckinnon,44,1306826.477
1228,2020,MCMAHONS CREEK,Mcmahons Creek,3,423333.3333
1229,2020,MEADOW HEIGHTS,Meadow Heights,105,480505.2381
1230,2020,MELBOURNE,Melbourne,436,528007.2936
1231,2020,MELTON,Melton,136,423522.5735
1232,2020,MELTON SOUTH,Melton South,222,429043.2883
1233,2020,MELTON WEST,Melton West,136,468457.1029
1234,2020,MENTONE,Mentone,166,838387.6506
1235,2020,MENZIES CREEK,Menzies Creek,8,816056.25
1236,2020,MERNDA,Mernda,317,596063.4984
1237,2020,MERRICKS BEACH,Merricks Beach,3,2016666.667
1238,2020,MERRICKS NORTH,Merricks North,2,1321250
1239,2020,MICKLEHAM,Mickleham,301,575453.4452
1240,2020,MIDDLE PARK,Middle Park,45,1863822.222
1241,2020,MILL PARK,Mill Park,222,674141.5495
1242,2020,MILLGROVE,Millgrove,37,433851.3514
1243,2020,MITCHAM,Mitcham,213,934355.1315
1244,2020,MONBULK,Monbulk,57,715633.3684
1245,2020,MONT ALBERT,Mont Albert,33,1364928.424
1246,2020,MONT ALBERT NORTH,Mont Albert North,45,1219722.222
1247,2020,MONTMORENCY,Montmorency,119,907785.7143
1248,2020,MONTROSE,Montrose,60,841930.0167
1249,2020,MOONEE PONDS,Moonee Ponds,173,941166.8902
1250,2020,MOORABBIN,Moorabbin,59,996432.2034
1251,2020,MOOROOLBARK,Mooroolbark,257,719201.6031
1252,2020,MORDIALLOC,Mordialloc,113,827417.2566
1253,2020,MORNINGTON,Mornington,459,954185.5512
1254,2020,MOUNT BURNETT,Mount Burnett,2,792500
1255,2020,MOUNT COTTRELL,Mount Cottrell,1,868000
1256,2020,MOUNT DANDENONG,Mount Dandenong,26,841507.6923
1257,2020,MOUNT ELIZA,Mount Eliza,247,1426601.741
1258,2020,MOUNT EVELYN,Mount Evelyn,103,742609.2233
1259,2020,MOUNT MARTHA,Mount Martha,348,1197338.362
1260,2020,MOUNT WAVERLEY,Mount Waverley,305,1243058.049
1261,2020,MULGRAVE,Mulgrave,163,880292.0368
1262,2020,MURRUMBEENA,Murrumbeena,106,908295.4434
1263,2020,NAR NAR GOON,Nar Nar Goon,5,544400
1264,2020,NAR NAR GOON NORTH,Nar Nar Goon North,5,1325400
1265,2020,NARRE WARREN,Narre Warren,282,607816.4078
1266,2020,NARRE WARREN EAST,Narre Warren East,1,970000
1267,2020,NARRE WARREN NORTH,Narre Warren North,40,1199956.25
1268,2020,NARRE WARREN SOUTH,Narre Warren South,280,695617.2821
1269,2020,NEWPORT,Newport,156,997232.0513
1270,2020,NIDDRIE,Niddrie,81,964543.2099
1271,2020,NOBLE PARK,Noble Park,263,563919.4297
1272,2020,NOBLE PARK NORTH,Noble Park North,41,657573.1707
1273,2020,NORTH MELBOURNE,North Melbourne,139,743985.5252
1274,2020,NORTH WARRANDYTE,North Warrandyte,37,1160206.757
1275,2020,NORTHCOTE,Northcote,308,1140247.568
1276,2020,NOTTING HILL,Notting Hill,21,659242.8571
1277,2020,NUNAWADING,Nunawading,133,952323.3083
1278,2020,OAK PARK,Oak Park,105,817123.5619
1279,2020,OAKLEIGH,Oakleigh,88,965261.2727
1280,2020,OAKLEIGH EAST,Oakleigh East,66,906257.3939
1281,2020,OAKLEIGH SOUTH,Oakleigh South,101,921285.1683
1282,2020,OFFICER,Officer,388,585631.5361
1283,2020,OFFICER SOUTH,Officer South,9,500329
1284,2020,OLINDA,Olinda,21,875238.0952
1285,2020,ORMOND,Ormond,90,980056.1111
1286,2020,PAKENHAM,Pakenham,927,536161.4563
1287,2020,PAKENHAM UPPER,Pakenham Upper,12,1076833.333
1288,2020,PANTON HILL,Panton Hill,3,948333.3333
1289,2020,PARK ORCHARDS,Park Orchards,32,2090843.75
1290,2020,PARKDALE,Parkdale,139,1038721.532
1291,2020,PARKVILLE,Parkville,51,1009656.863
1292,2020,PASCOE VALE,Pascoe Vale,212,789766.2972
1293,2020,PASCOE VALE SOUTH,Pascoe Vale South,95,917797.3579
1294,2020,PATTERSON LAKES,Patterson Lakes,95,903688.2947
1295,2020,PEARCEDALE,Pearcedale,25,683056.64
1296,2020,PLENTY,Plenty,17,1343647.059
1297,2020,PLUMPTON,Plumpton,14,453164.0714
1298,2020,POINT COOK,Point Cook,585,672515.9043
1299,2020,PORT MELBOURNE,Port Melbourne,238,1140797.353
1300,2020,PORTSEA,Portsea,24,2422875
1301,2020,POWELLTOWN,Powelltown,1,360000
1302,2020,PRAHRAN,Prahran,251,963999.1235
1303,2020,PRESTON,Preston,357,838196.0364
1304,2020,PRINCES HILL,Princes Hill,1,1150000
1305,2020,RED HILL,Red Hill,11,2270454.545
1306,2020,RESEARCH,Research,21,1307870.333
1307,2020,RESERVOIR,Reservoir,549,703385.7013
1308,2020,RICHMOND,Richmond,402,952993.5224
1309,2020,RINGWOOD,Ringwood,238,760233.8067
1310,2020,RINGWOOD EAST,Ringwood East,139,775555.1511
1311,2020,RINGWOOD NORTH,Ringwood North,97,983055
1312,2020,RIPPONLEA,Ripponlea,19,1032447.368
1313,2020,ROCKBANK,Rockbank,38,476073.8947
1314,2020,ROSANNA,Rosanna,81,983895.0617
1315,2020,ROSEBUD,Rosebud,386,638461.8549
1316,2020,ROWVILLE,Rowville,274,834116.4234
1317,2020,ROXBURGH PARK,Roxburgh Park,173,571665.3815
1318,2020,RYE,Rye,317,888931.388
1319,2020,RYTHDALE,Rythdale,1,1280000
1320,2020,SAFETY BEACH,Safety Beach,157,895989.4968
1321,2020,SANDHURST,Sandhurst,71,805288.7324
1322,2020,SANDRINGHAM,Sandringham,124,1329034.282
1323,2020,SASSAFRAS,Sassafras,14,1165785.714
1324,2020,SCORESBY,Scoresby,37,785824.3243
1325,2020,SEABROOK,Seabrook,35,635596.8
1326,2020,SEAFORD,Seaford,280,657430.85
1327,2020,SEAHOLME,Seaholme,26,892643.7308
1328,2020,SEDDON,Seddon,85,995548.8235
1329,2020,SELBY,Selby,16,776718.75
1330,2020,SEVILLE,Seville,26,685957.8462
1331,2020,SEVILLE EAST,Seville East,5,638600
1332,2020,SHERBROOKE,Sherbrooke,5,1004000
1333,2020,SHOREHAM,Shoreham,4,1145000
1334,2020,SILVAN,Silvan,9,885172.2222
1335,2020,SKYE,Skye,78,619455.359
1336,2020,SMITHS GULLY,Smiths Gully,3,1086666.667
1337,2020,SOMERS,Somers,29,1103965.517
1338,2020,SOMERVILLE,Somerville,146,679071.5685
1339,2020,SORRENTO,Sorrento,82,1917640.402
1340,2020,SOUTH KINGSVILLE,South Kingsville,44,869284.0682
1341,2020,SOUTH MELBOURNE,South Melbourne,148,1084701.101
1342,2020,SOUTH MORANG,South Morang,232,639143.2845
1343,2020,SOUTH WHARF,South Wharf,1,1020000
1344,2020,SOUTH YARRA,South Yarra,344,939171.6163
1345,2020,SOUTHBANK,Southbank,383,675999.6841
1346,2020,SPOTSWOOD,Spotswood,32,952484.375
1347,2020,SPRINGVALE,Springvale,119,739236.2605
1348,2020,SPRINGVALE SOUTH,Springvale South,56,635026.9821
1349,2020,ST ALBANS,St Albans,288,590194.9653
1350,2020,ST ANDREWS,St Andrews,6,1040583.333
1351,2020,ST ANDREWS BEACH,St Andrews Beach,22,1261850
1352,2020,ST HELENA,St Helena,24,969081.25
1353,2020,ST KILDA,St Kilda,376,684793.0479
1354,2020,ST KILDA EAST,St Kilda East,158,782475.2975
1355,2020,ST KILDA WEST,St Kilda West,41,1129544.512
1356,2020,STEELS CREEK,Steels Creek,2,1140000
1357,2020,STRATHMORE,Strathmore,87,1231741.379
1358,2020,STRATHMORE HEIGHTS,Strathmore Heights,8,883531.25
1359,2020,STRATHTULLOH,Strathtulloh,22,506875.4545
1360,2020,SUNBURY,Sunbury,550,589399.6618
1361,2020,SUNSHINE,Sunshine,96,726648.4792
1362,2020,SUNSHINE NORTH,Sunshine North,77,679200.7532
1363,2020,SUNSHINE WEST,Sunshine West,139,629328.2446
1364,2020,SURREY HILLS,Surrey Hills,110,1549937.882
1365,2020,SYDENHAM,Sydenham,110,560584.1091
1366,2020,TARNEIT,Tarneit,553,562641.9331
1367,2020,TAYLORS HILL,Taylors Hill,101,739079.703
1368,2020,TAYLORS LAKES,Taylors Lakes,80,777943.75
1369,2020,TECOMA,Tecoma,21,761595.2381
1370,2020,TEMPLESTOWE,Templestowe,130,1407602.231
1371,2020,TEMPLESTOWE LOWER,Templestowe Lower,130,1118796.054
1372,2020,THE BASIN,The Basin,43,779181.3721
1373,2020,THE PATCH,The Patch,11,735059.0909
1374,2020,THOMASTOWN,Thomastown,148,587822.9662
1375,2020,THORNBURY,Thornbury,195,999807.641
1376,2020,THORNHILL PARK,Thornhill Park,50,540360.7
1377,2020,THREE BRIDGES,Three Bridges,2,771500
1378,2020,TOOLANGI,Toolangi,6,784583.3333
1379,2020,TOOLERN VALE,Toolern Vale,6,917333.3333
1380,2020,TOORADIN,Tooradin,14,718750
1381,2020,TOORAK,Toorak,105,1876828.99
1382,2020,TOOTGAROOK,Tootgarook,82,744008.122
1383,2020,TRAVANCORE,Travancore,41,545315.1463
1384,2020,TREMONT,Tremont,2,772500
1385,2020,TRUGANINA,Truganina,372,566066.5753
1386,2020,TULLAMARINE,Tullamarine,72,577294.4444
1387,2020,TYABB,Tyabb,31,645667.7419
1388,2020,TYNONG,Tynong,4,616250
1389,2020,TYNONG NORTH,Tynong North,4,1152500
1390,2020,UPPER FERNTREE GULLY,Upper Ferntree Gully,28,755133.9286
1391,2020,UPWEY,Upwey,61,795630.9836
1392,2020,VERMONT,Vermont,101,1010140.475
1393,2020,VERMONT SOUTH,Vermont South,82,1164854.634
1394,2020,VIEWBANK,Viewbank,54,1025234.63
1395,2020,WANDIN EAST,Wandin East,4,1090125
1396,2020,WANDIN NORTH,Wandin North,28,797112.4643
1397,2020,WANTIRNA,Wantirna,112,899564.6339
1398,2020,WANTIRNA SOUTH,Wantirna South,148,954178.3108
1399,2020,WARBURTON,Warburton,34,633563.2353
1400,2020,WARNEET,Warneet,17,629970.5882
1401,2020,WARRANDYTE,Warrandyte,45,1227600
1402,2020,WARRANDYTE SOUTH,Warrandyte South,6,1716035
1403,2020,WARRANWOOD,Warranwood,42,1080921.429
1404,2020,WATERWAYS,Waterways,15,1296720
1405,2020,WATSONIA,Watsonia,73,761441.5479
1406,2020,WATSONIA NORTH,Watsonia North,26,783855.7692
1407,2020,WATSONS CREEK,Watsons Creek,1,1427250
1408,2020,WATTLE GLEN,Wattle Glen,20,944750
1409,2020,WEIR VIEWS,Weir Views,41,483560.9756
1410,2020,WERRIBEE,Werribee,571,515417.6988
1411,2020,WERRIBEE SOUTH,Werribee South,20,546150
1412,2020,WESBURN,Wesburn,8,583500
1413,2020,WEST FOOTSCRAY,West Footscray,167,736863.8623
1414,2020,WEST MELBOURNE,West Melbourne,67,679961.194
1415,2020,WESTMEADOWS,Westmeadows,87,603073.5632
1416,2020,WHEELERS HILL,Wheelers Hill,130,1248284.246
1417,2020,WHITTLESEA,Whittlesea,96,731252.0833
1418,2020,WILDWOOD,Wildwood,1,1600000
1419,2020,WILLIAMS LANDING,Williams Landing,83,710149.1566
1420,2020,WILLIAMSTOWN,Williamstown,171,1243473.099
1421,2020,WILLIAMSTOWN NORTH,Williamstown North,4,763750
1422,2020,WINDSOR,Windsor,62,822195.1613
1423,2020,WOLLERT,Wollert,513,564344.3684
1424,2020,WONGA PARK,Wonga Park,23,1281593.478
1425,2020,WOORI YALLOCK,Woori Yallock,47,562291.8723
1426,2020,WYNDHAM VALE,Wyndham Vale,242,497094.3058
1427,2020,YALLAMBIE,Yallambie,21,832661.9048
1428,2020,YAN YEAN,Yan Yean,1,975000
1429,2020,YARRA GLEN,Yarra Glen,32,770765.625
1430,2020,YARRA JUNCTION,Yarra Junction,49,583658.1633
1431,2020,YARRAMBAT,Yarrambat,13,1506740.385
1432,2020,YARRAVILLE,Yarraville,192,1005092.964
1433,2020,YELLINGBO,Yellingbo,4,991250
1434,2021,ABBOTSFORD,Abbotsford,63,812222.2063
1435,2021,ABERFELDIE,Aberfeldie,9,1582555.556
1436,2021,AINTREE,Aintree,38,697090.7895
1437,2021,AIRPORT WEST,Airport West,40,822972.2
1438,2021,ALBANVALE,Albanvale,17,600411.7647
1439,2021,ALBERT PARK,Albert Park,21,2053761.905
1440,2021,ALBION,Albion,19,515250
1441,2021,ALPHINGTON,Alphington,18,1160791.667
1442,2021,ALTONA,Altona,65,955640
1443,2021,ALTONA MEADOWS,Altona Meadows,63,639932.6825
1444,2021,ALTONA NORTH,Altona North,60,794902.5
1445,2021,ARDEER,Ardeer,17,682176.4706
1446,2021,ARMADALE,Armadale,35,1156671.429
1447,2021,ARTHURS CREEK,Arthurs Creek,1,1360000
1448,2021,ARTHURS SEAT,Arthurs Seat,1,2100000
1449,2021,ASCOT VALE,Ascot Vale,60,887441.6667
1450,2021,ASHBURTON,Ashburton,14,1549714.286
1451,2021,ASHWOOD,Ashwood,27,1132929.63
1452,2021,ASPENDALE,Aspendale,32,1114036.531
1453,2021,ASPENDALE GARDENS,Aspendale Gardens,9,1030777.778
1454,2021,ATTWOOD,Attwood,5,855400
1455,2021,AVONDALE HEIGHTS,Avondale Heights,53,872301.8868
1456,2021,AVONSLEIGH,Avonsleigh,5,802443
1457,2021,BADGER CREEK,Badger Creek,7,677016.7143
1458,2021,BALACLAVA,Balaclava,21,1072242.857
1459,2021,BALNARRING,Balnarring,12,1100250
1460,2021,BALNARRING BEACH,Balnarring Beach,5,1347000
1461,2021,BALWYN,Balwyn,47,1737441.489
1462,2021,BALWYN NORTH,Balwyn North,53,1906351.868
1463,2021,BAXTER,Baxter,6,611166.6667
1464,2021,BAYLES,Bayles,1,1500000
1465,2021,BAYSWATER,Bayswater,64,739644.5938
1466,2021,BAYSWATER NORTH,Bayswater North,37,738175.6757
1467,2021,BEACONSFIELD,Beaconsfield,30,820900.1667
1468,2021,BEACONSFIELD UPPER,Beaconsfield Upper,3,1521666.667
1469,2021,BEAUMARIS,Beaumaris,48,1667880.208
1470,2021,BELGRAVE,Belgrave,13,749784.6154
1471,2021,BELGRAVE HEIGHTS,Belgrave Heights,7,840714.2857
1472,2021,BELGRAVE SOUTH,Belgrave South,6,1327833.167
1473,2021,BELLFIELD,Bellfield,5,882600
1474,2021,BEND OF ISLANDS,Bend Of Islands,2,745000
1475,2021,BENTLEIGH,Bentleigh,73,1261974.205
1476,2021,BENTLEIGH EAST,Bentleigh East,100,1232149.43
1477,2021,BERWICK,Berwick,228,838361.9123
1478,2021,BITTERN,Bittern,20,658515
1479,2021,BLACK ROCK,Black Rock,24,1798708.333
1480,2021,BLACKBURN,Blackburn,52,1162711.558
1481,2021,BLACKBURN NORTH,Blackburn North,20,1096829.4
1482,2021,BLACKBURN SOUTH,Blackburn South,36,1278953.194
1483,2021,BLAIRGOWRIE,Blairgowrie,32,1494251.125
1484,2021,BLIND BIGHT,Blind Bight,6,632583.3333
1485,2021,BONBEACH,Bonbeach,55,845944.5273
1486,2021,BONNIE BROOK,Bonnie Brook,1,501420
1487,2021,BORONIA,Boronia,103,733498.4272
1488,2021,BOTANIC RIDGE,Botanic Ridge,24,814291.6667
1489,2021,BOX HILL,Box Hill,51,863905.1765
1490,2021,BOX HILL NORTH,Box Hill North,50,1088229.76
1491,2021,BOX HILL SOUTH,Box Hill South,39,1334084.872
1492,2021,BRAYBROOK,Braybrook,42,681071.4286
1493,2021,BRIAR HILL,Briar Hill,13,917576.9231
1494,2021,BRIGHTON,Brighton,41,2212585.341
1495,2021,BRIGHTON EAST,Brighton East,46,1883534.522
1496,2021,BROADMEADOWS,Broadmeadows,50,522670
1497,2021,BROOKFIELD,Brookfield,46,562338.0652
1498,2021,BROOKLYN,Brooklyn,15,698666.6667
1499,2021,BRUNSWICK,Brunswick,121,874868.0083
1500,2021,BRUNSWICK EAST,Brunswick East,61,834529.5082
1501,2021,BRUNSWICK WEST,Brunswick West,63,796907.1429
1502,2021,BULLA,Bulla,1,1005000
1503,2021,BULLEEN,Bulleen,56,1083612.5
1504,2021,BUNDOORA,Bundoora,97,758485.4433
1505,2021,BUNYIP,Bunyip,10,593780
1506,2021,BURNLEY,Burnley,1,1315000
1507,2021,BURNSIDE,Burnside,9,721222.2222
1508,2021,BURNSIDE HEIGHTS,Burnside Heights,11,684636.3636
1509,2021,BURWOOD,Burwood,59,1083841.508
1510,2021,BURWOOD EAST,Burwood East,29,1104830.621
1511,2021,CAIRNLEA,Cairnlea,14,746392.8571
1512,2021,CAMBERWELL,Camberwell,40,1638679.65
1513,2021,CAMPBELLFIELD,Campbellfield,13,527568.3077
1514,2021,CANNONS CREEK,Cannons Creek,5,775000
1515,2021,CANTERBURY,Canterbury,15,2102566.667
1516,2021,CAPE SCHANCK,Cape Schanck,6,1506750
1517,2021,CAPEL SOUND,Capel Sound,46,697316.3043
1518,2021,CARLTON,Carlton,50,563297.76
1519,2021,CARLTON NORTH,Carlton North,29,1724827.586
1520,2021,CARNEGIE,Carnegie,81,816351.8395
1521,2021,CAROLINE SPRINGS,Caroline Springs,85,670648.6824
1522,2021,CARRUM,Carrum,31,891104.8387
1523,2021,CARRUM DOWNS,Carrum Downs,136,594716.0882
1524,2021,CATANI,Catani,1,549000
1525,2021,CAULFIELD,Caulfield,20,1129300
1526,2021,CAULFIELD EAST,Caulfield East,3,1017666.667
1527,2021,CAULFIELD NORTH,Caulfield North,40,1204954.975
1528,2021,CAULFIELD SOUTH,Caulfield South,32,1329719.625
1529,2021,CHADSTONE,Chadstone,42,922274.9762
1530,2021,CHELSEA,Chelsea,55,854821.5273
1531,2021,CHELSEA HEIGHTS,Chelsea Heights,16,914285.5625
1532,2021,CHELTENHAM,Cheltenham,102,975212.1275
1533,2021,CHIRNSIDE PARK,Chirnside Park,44,840631.7955
1534,2021,CHUM CREEK,Chum Creek,2,980000
1535,2021,CLARINDA,Clarinda,13,908961.5385
1536,2021,CLAYTON,Clayton,51,797351.7255
1537,2021,CLAYTON SOUTH,Clayton South,50,793873
1538,2021,CLEMATIS,Clematis,3,840000
1539,2021,CLIFTON HILL,Clifton Hill,22,1408785.909
1540,2021,CLYDE,Clyde,56,579746.25
1541,2021,CLYDE NORTH,Clyde North,133,668939.3684
1542,2021,COBBLEBANK,Cobblebank,16,518625
1543,2021,COBURG,Coburg,107,948618.6916
1544,2021,COBURG NORTH,Coburg North,22,864448.5909
1545,2021,COCKATOO,Cockatoo,17,709470.5882
1546,2021,COLDSTREAM,Coldstream,8,733125
1547,2021,COLLINGWOOD,Collingwood,47,796325.5319
1548,2021,COOLAROO,Coolaroo,7,468285.7143
1549,2021,COTTLES BRIDGE,Cottles Bridge,1,1240000
1550,2021,CRAIGIEBURN,Craigieburn,268,592380.3843
1551,2021,CRANBOURNE,Cranbourne,107,564279.2056
1552,2021,CRANBOURNE EAST,Cranbourne East,84,639884.0357
1553,2021,CRANBOURNE NORTH,Cranbourne North,93,629971.5054
1554,2021,CRANBOURNE SOUTH,Cranbourne South,5,792200
1555,2021,CRANBOURNE WEST,Cranbourne West,92,595873.913
1556,2021,CREMORNE,Cremorne,3,642633.3333
1557,2021,CRIB POINT,Crib Point,18,610444.4444
1558,2021,CROYDON,Croydon,161,748519.6273
1559,2021,CROYDON HILLS,Croydon Hills,10,963049.9
1560,2021,CROYDON NORTH,Croydon North,42,845372.619
1561,2021,CROYDON SOUTH,Croydon South,18,856666.6667
1562,2021,DALLAS,Dallas,15,495633.3333
1563,2021,DANDENONG,Dandenong,114,583359.6491
1564,2021,DANDENONG NORTH,Dandenong North,76,702876.1579
1565,2021,DEANSIDE,Deanside,14,498214.2857
1566,2021,DEEPDENE,Deepdene,2,2860000
1567,2021,DEER PARK,Deer Park,63,604879.1746
1568,2021,DELAHEY,Delahey,23,578902.1739
1569,2021,DERRIMUT,Derrimut,21,708080.9524
1570,2021,DEVON MEADOWS,Devon Meadows,2,1175000
1571,2021,DIAMOND CREEK,Diamond Creek,33,939142.697
1572,2021,DIGGERS REST,Diggers Rest,28,541155.3571
1573,2021,DINGLEY VILLAGE,Dingley Village,35,1008142.857
1574,2021,DOCKLANDS,Docklands,103,755959.301
1575,2021,DON VALLEY,Don Valley,2,930000
1576,2021,DONCASTER,Doncaster,100,1085323.38
1577,2021,DONCASTER EAST,Doncaster East,117,1111190.667
1578,2021,DONNYBROOK,Donnybrook,19,562140.8421
1579,2021,DONVALE,Donvale,34,1257679.412
1580,2021,DOREEN,Doreen,128,733137.1719
1581,2021,DOVETON,Doveton,46,606206.5217
1582,2021,DROMANA,Dromana,50,932260
1583,2021,EAGLEMONT,Eaglemont,6,1672666.667
1584,2021,EAST MELBOURNE,East Melbourne,17,1891766.471
1585,2021,EAST WARBURTON,East Warburton,3,753333.3333
1586,2021,EDEN PARK,Eden Park,1,1240000
1587,2021,EDITHVALE,Edithvale,45,959053.2222
1588,2021,ELSTERNWICK,Elsternwick,30,1024916.667
1589,2021,ELTHAM,Eltham,73,1044538.877
1590,2021,ELTHAM NORTH,Eltham North,26,1063536.538
1591,2021,ELWOOD,Elwood,73,936858.8767
1592,2021,EMERALD,Emerald,26,945000
1593,2021,ENDEAVOUR HILLS,Endeavour Hills,65,788644.4154
1594,2021,EPPING,Epping,127,576465.3543
1595,2021,ESSENDON,Essendon,83,1044802.277
1596,2021,ESSENDON NORTH,Essendon North,17,772911.7647
1597,2021,ESSENDON WEST,Essendon West,4,1234750
1598,2021,EUMEMMERRING,Eumemmerring,11,1114636.364
1599,2021,EYNESBURY,Eynesbury,16,639968.75
1600,2021,FAIRFIELD,Fairfield,22,911159.0909
1601,2021,FAWKNER,Fawkner,51,719141.6667
1602,2021,FERNTREE GULLY,Ferntree Gully,109,761840.8257
1603,2021,FERNY CREEK,Ferny Creek,12,1170416.667
1604,2021,FINGAL,Fingal,6,1526999.833
1605,2021,FITZROY,Fitzroy,42,1161564.167
1606,2021,FITZROY NORTH,Fitzroy North,36,1325347.222
1607,2021,FLEMINGTON,Flemington,32,959375
1608,2021,FLINDERS,Flinders,2,4287500
1609,2021,FOOTSCRAY,Footscray,86,743727.593
1610,2021,FOREST HILL,Forest Hill,39,990769.2308
1611,2021,FRANKSTON,Frankston,242,639909.6612
1612,2021,FRANKSTON NORTH,Frankston North,26,517692.3077
1613,2021,FRANKSTON SOUTH,Frankston South,99,997991.9192
1614,2021,FRASER RISE,Fraser Rise,48,576489.375
1615,2021,GARDENVALE,Gardenvale,1,329000
1616,2021,GARFIELD,Garfield,11,585045.4545
1617,2021,GEMBROOK,Gembrook,5,872200
1618,2021,GLADSTONE PARK,Gladstone Park,24,722112.5
1619,2021,GLEN HUNTLY,Glen Huntly,16,736296.875
1620,2021,GLEN IRIS,Glen Iris,64,1443753.125
1621,2021,GLEN WAVERLEY,Glen Waverley,136,1425814.699
1622,2021,GLENROY,Glenroy,108,700996.8056
1623,2021,GOWANBRAE,Gowanbrae,8,868375
1624,2021,GREENSBOROUGH,Greensborough,74,875137.8378
1625,2021,GREENVALE,Greenvale,59,839076.8644
1626,2021,GUYS HILL,Guys Hill,1,991000
1627,2021,HADFIELD,Hadfield,47,717882.9787
1628,2021,HALLAM,Hallam,32,611750
1629,2021,HAMPTON,Hampton,46,1541532.609
1630,2021,HAMPTON EAST,Hampton East,22,1449681.818
1631,2021,HAMPTON PARK,Hampton Park,97,581928.5464
1632,2021,HARKAWAY,Harkaway,4,1341750
1633,2021,HARKNESS,Harkness,63,498964.2857
1634,2021,HASTINGS,Hastings,62,562476.6129
1635,2021,HAWTHORN,Hawthorn,73,967784.7534
1636,2021,HAWTHORN EAST,Hawthorn East,55,1225847.236
1637,2021,HEALESVILLE,Healesville,39,783730.7692
1638,2021,HEATHERTON,Heatherton,18,936277.7778
1639,2021,HEATHMONT,Heathmont,36,976633.3333
1640,2021,HEIDELBERG,Heidelberg,32,1005360.938
1641,2021,HEIDELBERG HEIGHTS,Heidelberg Heights,33,780537.8788
1642,2021,HEIDELBERG WEST,Heidelberg West,27,701777.7778
1643,2021,HIGHETT,Highett,58,1025777.586
1644,2021,HILLSIDE,Hillside,44,742610.2273
1645,2021,HODDLES CREEK,Hoddles Creek,2,1017375
1646,2021,HOPPERS CROSSING,Hoppers Crossing,123,570913.8293
1647,2021,HUGHESDALE,Hughesdale,21,1048571.286
1648,2021,HUNTINGDALE,Huntingdale,8,1084625
1649,2021,HURSTBRIDGE,Hurstbridge,9,881000
1650,2021,IVANHOE,Ivanhoe,48,1208721.625
1651,2021,IVANHOE EAST,Ivanhoe East,9,1387111.111
1652,2021,JACANA,Jacana,14,547785.7143
1653,2021,JUNCTION VILLAGE,Junction Village,6,569916.6667
1654,2021,KALKALLO,Kalkallo,37,658470.2703
1655,2021,KALLISTA,Kallista,1,1123580
1656,2021,KALORAMA,Kalorama,8,853812.5
1657,2021,KANGAROO GROUND,Kangaroo Ground,1,2620000
1658,2021,KEALBA,Kealba,7,622214.2857
1659,2021,KEILOR,Keilor,8,943624.875
1660,2021,KEILOR DOWNS,Keilor Downs,22,713772.7273
1661,2021,KEILOR EAST,Keilor East,43,924906.9767
1662,2021,KEILOR PARK,Keilor Park,4,703125
1663,2021,KENSINGTON,Kensington,58,896000
1664,2021,KEW,Kew,42,1927510.119
1665,2021,KEW EAST,Kew East,22,2035549.455
1666,2021,KEYSBOROUGH,Keysborough,87,923860.023
1667,2021,KILSYTH,Kilsyth,69,672664.4928
1668,2021,KILSYTH SOUTH,Kilsyth South,5,867400
1669,2021,KINGS PARK,Kings Park,22,563468.1818
1670,2021,KINGSBURY,Kingsbury,8,721687.5
1671,2021,KINGSVILLE,Kingsville,16,966468.75
1672,2021,KNOXFIELD,Knoxfield,43,896774.4186
1673,2021,KOO WEE RUP,Koo Wee Rup,24,587318.75
1674,2021,KOOYONG,Kooyong,1,706100
1675,2021,KURUNJANG,Kurunjang,53,507633.1132
1676,2021,LALOR,Lalor,68,666382.3529
1677,2021,LANG LANG,Lang Lang,12,581708.3333
1678,2021,LANGWARRIN,Langwarrin,126,715259.9921
1679,2021,LANGWARRIN SOUTH,Langwarrin South,2,1790000
1680,2021,LAUNCHING PLACE,Launching Place,3,1062666.667
1681,2021,LAVERTON,Laverton,33,564257.5758
1682,2021,LILYDALE,Lilydale,73,733133.2329
1683,2021,LITTLE RIVER,Little River,1,1200000
1684,2021,LOWER PLENTY,Lower Plenty,19,1051978.947
1685,2021,LYNBROOK,Lynbrook,19,745573.0526
1686,2021,LYNDHURST,Lyndhurst,28,764991.4286
1687,2021,LYSTERFIELD,Lysterfield,14,1150214.286
1688,2021,LYSTERFIELD SOUTH,Lysterfield South,3,1531666.667
1689,2021,MACCLESFIELD,Macclesfield,1,1253000
1690,2021,MACLEOD,Macleod,31,1053112.903
1691,2021,MAIDSTONE,Maidstone,37,736418.9189
1692,2021,MALVERN,Malvern,25,1614640
1693,2021,MALVERN EAST,Malvern East,50,1263488.98
1694,2021,MAMBOURIN,Mambourin,8,567589.125
1695,2021,MANOR LAKES,Manor Lakes,56,584360.7143
1696,2021,MARIBYRNONG,Maribyrnong,66,778618.1667
1697,2021,MARYKNOLL,Maryknoll,2,1135000
1698,2021,MCCRAE,Mccrae,28,1034688.75
1699,2021,MCKINNON,Mckinnon,24,1360437.5
1700,2021,MCMAHONS CREEK,Mcmahons Creek,1,675000
1701,2021,MEADOW HEIGHTS,Meadow Heights,29,517741.3793
1702,2021,MELBOURNE,Melbourne,160,539422.4
1703,2021,MELTON,Melton,48,431927.0833
1704,2021,MELTON SOUTH,Melton South,73,427414.5342
1705,2021,MELTON WEST,Melton West,57,498115.7895
1706,2021,MENTONE,Mentone,75,826166.68
1707,2021,MENZIES CREEK,Menzies Creek,4,885250
1708,2021,MERNDA,Mernda,108,635326.3889
1709,2021,MERRICKS BEACH,Merricks Beach,5,1904000
1710,2021,MERRICKS NORTH,Merricks North,1,3926000
1711,2021,MICKLEHAM,Mickleham,108,674518.5185
1712,2021,MIDDLE PARK,Middle Park,13,2340538.462
1713,2021,MILL PARK,Mill Park,78,697538.4615
1714,2021,MILLGROVE,Millgrove,11,510522.7273
1715,2021,MITCHAM,Mitcham,54,1054157.407
1716,2021,MONBULK,Monbulk,16,737875
1717,2021,MONT ALBERT,Mont Albert,9,1621888.889
1718,2021,MONT ALBERT NORTH,Mont Albert North,15,1312833.333
1719,2021,MONTMORENCY,Montmorency,45,910745.5556
1720,2021,MONTROSE,Montrose,34,869301.4412
1721,2021,MOONEE PONDS,Moonee Ponds,49,1010665.306
1722,2021,MOORABBIN,Moorabbin,27,964074.0741
1723,2021,MOOROODUC,Moorooduc,2,2780500
1724,2021,MOOROOLBARK,Mooroolbark,98,738986.2959
1725,2021,MORDIALLOC,Mordialloc,30,1039847.9
1726,2021,MORNINGTON,Mornington,200,1081822.5
1727,2021,MOUNT BURNETT,Mount Burnett,1,965000
1728,2021,MOUNT DANDENONG,Mount Dandenong,5,920800
1729,2021,MOUNT ELIZA,Mount Eliza,66,1642469.697
1730,2021,MOUNT EVELYN,Mount Evelyn,39,831899.7949
1731,2021,MOUNT MARTHA,Mount Martha,114,1481875.895
1732,2021,MOUNT WAVERLEY,Mount Waverley,127,1346612.504
1733,2021,MULGRAVE,Mulgrave,64,976412.5
1734,2021,MURRUMBEENA,Murrumbeena,41,1173727.488
1735,2021,NAR NAR GOON,Nar Nar Goon,3,721666.6667
1736,2021,NAR NAR GOON NORTH,Nar Nar Goon North,2,1065000
1737,2021,NARRE WARREN,Narre Warren,101,645724.9406
1738,2021,NARRE WARREN EAST,Narre Warren East,3,1710333.333
1739,2021,NARRE WARREN NORTH,Narre Warren North,11,1305000
1740,2021,NARRE WARREN SOUTH,Narre Warren South,109,741283.2661
1741,2021,NEWPORT,Newport,58,1150679.103
1742,2021,NIDDRIE,Niddrie,36,997472.2222
1743,2021,NOBLE PARK,Noble Park,112,575985.0536
1744,2021,NOBLE PARK NORTH,Noble Park North,20,718830
1745,2021,NORTH MELBOURNE,North Melbourne,61,734004.7541
1746,2021,NORTH WARRANDYTE,North Warrandyte,11,1324454.545
1747,2021,NORTHCOTE,Northcote,91,1270356.681
1748,2021,NOTTING HILL,Notting Hill,10,689388.8
1749,2021,NUNAWADING,Nunawading,52,951326.8846
1750,2021,NUTFIELD,Nutfield,1,810000
1751,2021,OAK PARK,Oak Park,27,844125.9259
1752,2021,OAKLEIGH,Oakleigh,16,935737.5
1753,2021,OAKLEIGH EAST,Oakleigh East,20,855744.4
1754,2021,OAKLEIGH SOUTH,Oakleigh South,28,1004857.179
1755,2021,OFFICER,Officer,157,599928.7834
1756,2021,OFFICER SOUTH,Officer South,1,435950
1757,2021,OLINDA,Olinda,4,1040250
1758,2021,ORMOND,Ormond,37,1111456.432
1759,2021,PAKENHAM,Pakenham,292,573689.1747
1760,2021,PAKENHAM SOUTH,Pakenham South,1,1260000
1761,2021,PAKENHAM UPPER,Pakenham Upper,1,965000
1762,2021,PANTON HILL,Panton Hill,2,787500
1763,2021,PARK ORCHARDS,Park Orchards,14,1929178.571
1764,2021,PARKDALE,Parkdale,43,1214441.86
1765,2021,PARKVILLE,Parkville,15,965200
1766,2021,PASCOE VALE,Pascoe Vale,81,804311.3951
1767,2021,PASCOE VALE SOUTH,Pascoe Vale South,33,1140393.939
1768,2021,PATTERSON LAKES,Patterson Lakes,40,1177575
1769,2021,PEARCEDALE,Pearcedale,11,679790.9091
1770,2021,PLENTY,Plenty,4,1718750
1771,2021,PLUMPTON,Plumpton,6,449482.6667
1772,2021,POINT COOK,Point Cook,246,701105.8618
1773,2021,POINT LEO,Point Leo,1,3200000
1774,2021,PORT MELBOURNE,Port Melbourne,88,1270846.591
1775,2021,PORTSEA,Portsea,11,2590454.545
1776,2021,PRAHRAN,Prahran,83,1013813.241
1777,2021,PRESTON,Preston,115,871409.5652
1778,2021,PRINCES HILL,Princes Hill,1,2797500
1779,2021,RED HILL,Red Hill,1,1423000
1780,2021,RED HILL SOUTH,Red Hill South,1,2300000
1781,2021,REEFTON,Reefton,1,385000
1782,2021,RESEARCH,Research,10,1256630
1783,2021,RESERVOIR,Reservoir,224,745430.7991
1784,2021,RICHMOND,Richmond,159,1094720.126
1785,2021,RINGWOOD,Ringwood,106,871747.8962
1786,2021,RINGWOOD EAST,Ringwood East,44,858443.1818
1787,2021,RINGWOOD NORTH,Ringwood North,44,1106193.568
1788,2021,RIPPONLEA,Ripponlea,3,634333.3333
1789,2021,ROCKBANK,Rockbank,20,519082.75
1790,2021,ROSANNA,Rosanna,22,950181.8182
1791,2021,ROSEBUD,Rosebud,127,759762.9134
1792,2021,ROWVILLE,Rowville,95,900968.8632
1793,2021,ROXBURGH PARK,Roxburgh Park,69,600081.8841
1794,2021,RYE,Rye,85,1045233.976
1795,2021,SAFETY BEACH,Safety Beach,73,1043924.384
1796,2021,SANDHURST,Sandhurst,37,942283.7838
1797,2021,SANDRINGHAM,Sandringham,49,1354061.224
1798,2021,SASSAFRAS,Sassafras,4,1321250
1799,2021,SCORESBY,Scoresby,22,880386.3636
1800,2021,SEABROOK,Seabrook,19,696500
1801,2021,SEAFORD,Seaford,114,741220.8246
1802,2021,SEAHOLME,Seaholme,4,1077500
1803,2021,SEDDON,Seddon,23,1043130.913
1804,2021,SELBY,Selby,6,872398
1805,2021,SEVILLE,Seville,7,698857.1429
1806,2021,SHERBROOKE,Sherbrooke,2,1415000
1807,2021,SHOREHAM,Shoreham,3,2290000
1808,2021,SILVAN,Silvan,4,1143250
1809,2021,SKYE,Skye,40,688787.5
1810,2021,SOMERS,Somers,8,1429626.25
1811,2021,SOMERVILLE,Somerville,52,717492.3077
1812,2021,SORRENTO,Sorrento,19,1877578.947
1813,2021,SOUTH KINGSVILLE,South Kingsville,13,892807.6923
1814,2021,SOUTH MELBOURNE,South Melbourne,48,1066952.083
1815,2021,SOUTH MORANG,South Morang,69,673010.1449
1816,2021,SOUTH YARRA,South Yarra,124,818549.5726
1817,2021,SOUTHBANK,Southbank,120,685265.0417
1818,2021,SPOTSWOOD,Spotswood,11,986772.7273
1819,2021,SPRINGVALE,Springvale,59,729935.1186
1820,2021,SPRINGVALE SOUTH,Springvale South,22,708068.1818
1821,2021,ST ALBANS,St Albans,122,591516.3934
1822,2021,ST ANDREWS,St Andrews,5,1363000
1823,2021,ST ANDREWS BEACH,St Andrews Beach,9,1348555.556
1824,2021,ST HELENA,St Helena,6,1097350
1825,2021,ST KILDA,St Kilda,110,640415.9
1826,2021,ST KILDA EAST,St Kilda East,64,828761.3281
1827,2021,ST KILDA WEST,St Kilda West,23,955330.4348
1828,2021,STRATHEWEN,Strathewen,2,1076050
1829,2021,STRATHMORE,Strathmore,31,1415912.516
1830,2021,STRATHMORE HEIGHTS,Strathmore Heights,3,1230333.333
1831,2021,STRATHTULLOH,Strathtulloh,8,544312.5
1832,2021,SUNBURY,Sunbury,177,659337.2881
1833,2021,SUNSHINE,Sunshine,54,723599.0741
1834,2021,SUNSHINE NORTH,Sunshine North,63,725510
1835,2021,SUNSHINE WEST,Sunshine West,54,663114.1667
1836,2021,SURREY HILLS,Surrey Hills,34,1475332.353
1837,2021,SYDENHAM,Sydenham,26,518576.9231
1838,2021,TARNEIT,Tarneit,243,573243.2675
1839,2021,TAYLORS HILL,Taylors Hill,33,806363.6364
1840,2021,TAYLORS LAKES,Taylors Lakes,24,838020.8333
1841,2021,TECOMA,Tecoma,8,738750
1842,2021,TEMPLESTOWE,Templestowe,48,1581881.229
1843,2021,TEMPLESTOWE LOWER,Templestowe Lower,46,1163984.239
1844,2021,THE BASIN,The Basin,8,877687.5
1845,2021,THE PATCH,The Patch,2,795000
1846,2021,THOMASTOWN,Thomastown,37,695513.5135
1847,2021,THORNBURY,Thornbury,66,899569.6818
1848,2021,THORNHILL PARK,Thornhill Park,20,509010.5
1849,2021,TOOLERN VALE,Toolern Vale,1,2.00E+06
1850,2021,TOORADIN,Tooradin,4,927625
1851,2021,TOORAK,Toorak,34,1997941.176
1852,2021,TOOTGAROOK,Tootgarook,30,828769.9667
1853,2021,TRAVANCORE,Travancore,19,684394.7368
1854,2021,TRUGANINA,Truganina,136,610293.7868
1855,2021,TULLAMARINE,Tullamarine,24,654979.1667
1856,2021,TYABB,Tyabb,10,596200
1857,2021,TYNONG,Tynong,2,615000
1858,2021,TYNONG NORTH,Tynong North,1,1252250
1859,2021,UPPER FERNTREE GULLY,Upper Ferntree Gully,18,793361.1111
1860,2021,UPWEY,Upwey,16,922524.25
1861,2021,VERMONT,Vermont,29,1090540.207
1862,2021,VERMONT SOUTH,Vermont South,46,1270056.522
1863,2021,VIEWBANK,Viewbank,17,1051823.529
1864,2021,WANDIN EAST,Wandin East,1,1100000
1865,2021,WANDIN NORTH,Wandin North,14,954035.7143
1866,2021,WANTIRNA,Wantirna,52,939375
1867,2021,WANTIRNA SOUTH,Wantirna South,54,1074472.222
1868,2021,WARBURTON,Warburton,13,618615.3846
1869,2021,WARNEET,Warneet,4,598750
1870,2021,WARRANDYTE,Warrandyte,16,1398828.125
1871,2021,WARRANDYTE SOUTH,Warrandyte South,2,2145000
1872,2021,WARRANWOOD,Warranwood,11,1097409.091
1873,2021,WATERWAYS,Waterways,10,1520600
1874,2021,WATSONIA,Watsonia,27,816240.7407
1875,2021,WATSONIA NORTH,Watsonia North,11,955681.8182
1876,2021,WATTLE GLEN,Wattle Glen,3,788666.6667
1877,2021,WEIR VIEWS,Weir Views,24,491590.2083
1878,2021,WERRIBEE,Werribee,203,535341.0739
1879,2021,WERRIBEE SOUTH,Werribee South,11,557418.1818
1880,2021,WESBURN,Wesburn,1,830000
1881,2021,WEST FOOTSCRAY,West Footscray,48,724583.3333
1882,2021,WEST MELBOURNE,West Melbourne,36,3470777.75
1883,2021,WESTMEADOWS,Westmeadows,27,620296.2963
1884,2021,WHEELERS HILL,Wheelers Hill,43,1342959.093
1885,2021,WHITTLESEA,Whittlesea,22,791863.6364
1886,2021,WILLIAMS LANDING,Williams Landing,34,731282.5588
1887,2021,WILLIAMSTOWN,Williamstown,76,1375986.842
1888,2021,WILLIAMSTOWN NORTH,Williamstown North,3,956666.6667
1889,2021,WINDSOR,Windsor,27,703944.4444
1890,2021,WOLLERT,Wollert,134,611806.2164
1891,2021,WONGA PARK,Wonga Park,5,2146400
1892,2021,WOORI YALLOCK,Woori Yallock,10,588527
1893,2021,WYNDHAM VALE,Wyndham Vale,88,516211.9318
1894,2021,YALLAMBIE,Yallambie,9,937000.1111
1895,2021,YAN YEAN,Yan Yean,1,1327000
1896,2021,YARRA GLEN,Yarra Glen,15,805567.1333
1897,2021,YARRA JUNCTION,Yarra Junction,12,591625
1898,2021,YARRAMBAT,Yarrambat,4,1637500
1899,2021,YARRAVILLE,Yarraville,67,1047486.776