"","year","SUBURB","n"
"1","2018","ABBOTSFORD",45
"2","2018","ABERFELDIE",15
"3","2018","AINTREE",6
"4","2018","AIRPORT WEST",45
"5","2018","ALBANVALE",16
"6","2018","ALBERT PARK",21
"7","2018","ALBION",30
"8","2018","ALPHINGTON",21
"9","2018","ALTONA",57
"10","2018","ALTONA MEADOWS",51
"11","2018","ALTONA NORTH",45
"12","2018","ARDEER",17
"13","2018","ARMADALE",47
"14","2018","ARTHURS SEAT",4
"15","2018","ASCOT VALE",54
"16","2018","ASHBURTON",33
"17","2018","ASHWOOD",23
"18","2018","ASPENDALE",30
"19","2018","ASPENDALE GARDENS",15
"20","2018","ATTWOOD",4
"21","2018","AVONDALE HEIGHTS",37
"22","2018","AVONSLEIGH",5
"23","2018","BADGER CREEK",2
"24","2018","BALACLAVA",26
"25","2018","BALNARRING",9
"26","2018","BALNARRING BEACH",2
"27","2018","BALWYN",70
"28","2018","BALWYN NORTH",87
"29","2018","BANGHOLME",1
"30","2018","BAXTER",7
"31","2018","BAYLES",2
"32","2018","BAYSWATER",64
"33","2018","BAYSWATER NORTH",40
"34","2018","BEACONSFIELD",40
"35","2018","BEACONSFIELD UPPER",6
"36","2018","BEAUMARIS",60
"37","2018","BELGRAVE",20
"38","2018","BELGRAVE HEIGHTS",5
"39","2018","BELGRAVE SOUTH",2
"40","2018","BELLFIELD",2
"41","2018","BEND OF ISLANDS",1
"42","2018","BENTLEIGH",85
"43","2018","BENTLEIGH EAST",142
"44","2018","BERWICK",187
"45","2018","BIG PATS CREEK",1
"46","2018","BITTERN",16
"47","2018","BLACK ROCK",24
"48","2018","BLACKBURN",61
"49","2018","BLACKBURN NORTH",35
"50","2018","BLACKBURN SOUTH",39
"51","2018","BLAIRGOWRIE",26
"52","2018","BLIND BIGHT",8
"53","2018","BONBEACH",37
"54","2018","BORONIA",122
"55","2018","BOTANIC RIDGE",30
"56","2018","BOX HILL",56
"57","2018","BOX HILL NORTH",48
"58","2018","BOX HILL SOUTH",33
"59","2018","BRAYBROOK",26
"60","2018","BRIAR HILL",10
"61","2018","BRIGHTON",123
"62","2018","BRIGHTON EAST",52
"63","2018","BROADMEADOWS",45
"64","2018","BROOKFIELD",40
"65","2018","BROOKLYN",16
"66","2018","BRUNSWICK",140
"67","2018","BRUNSWICK EAST",70
"68","2018","BRUNSWICK WEST",68
"69","2018","BULLA",4
"70","2018","BULLEEN",32
"71","2018","BUNDOORA",97
"72","2018","BUNYIP",6
"73","2018","BURNSIDE",9
"74","2018","BURNSIDE HEIGHTS",18
"75","2018","BURWOOD",48
"76","2018","BURWOOD EAST",27
"77","2018","CAIRNLEA",17
"78","2018","CAMBERWELL",68
"79","2018","CAMPBELLFIELD",4
"80","2018","CANNONS CREEK",2
"81","2018","CANTERBURY",29
"82","2018","CAPE SCHANCK",3
"83","2018","CAPEL SOUND",39
"84","2018","CARLTON",71
"85","2018","CARLTON NORTH",28
"86","2018","CARNEGIE",91
"87","2018","CAROLINE SPRINGS",103
"88","2018","CARRUM",28
"89","2018","CARRUM DOWNS",113
"90","2018","CAULFIELD",24
"91","2018","CAULFIELD EAST",4
"92","2018","CAULFIELD NORTH",63
"93","2018","CAULFIELD SOUTH",47
"94","2018","CHADSTONE",38
"95","2018","CHELSEA",52
"96","2018","CHELSEA HEIGHTS",31
"97","2018","CHELTENHAM",114
"98","2018","CHIRNSIDE PARK",52
"99","2018","CHRISTMAS HILLS",1
"100","2018","CHUM CREEK",4
"101","2018","CLARINDA",18
"102","2018","CLAYTON",47
"103","2018","CLAYTON SOUTH",41
"104","2018","CLEMATIS",2
"105","2018","CLIFTON HILL",28
"106","2018","CLYDE",20
"107","2018","CLYDE NORTH",84
"108","2018","COBBLEBANK",3
"109","2018","COBURG",116
"110","2018","COBURG NORTH",41
"111","2018","COCKATOO",21
"112","2018","COLDSTREAM",8
"113","2018","COLLINGWOOD",51
"114","2018","COOLAROO",7
"115","2018","COTTLES BRIDGE",2
"116","2018","CRAIGIEBURN",249
"117","2018","CRANBOURNE",81
"118","2018","CRANBOURNE EAST",77
"119","2018","CRANBOURNE NORTH",123
"120","2018","CRANBOURNE SOUTH",2
"121","2018","CRANBOURNE WEST",85
"122","2018","CRIB POINT",26
"123","2018","CROYDON",146
"124","2018","CROYDON HILLS",17
"125","2018","CROYDON NORTH",37
"126","2018","CROYDON SOUTH",24
"127","2018","DALLAS",28
"128","2018","DANDENONG",84
"129","2018","DANDENONG NORTH",59
"130","2018","DEEPDENE",5
"131","2018","DEER PARK",70
"132","2018","DELAHEY",30
"133","2018","DERRIMUT",25
"134","2018","DEVON MEADOWS",2
"135","2018","DIAMOND CREEK",52
"136","2018","DIGGERS REST",11
"137","2018","DINGLEY VILLAGE",41
"138","2018","DOCKLANDS",92
"139","2018","DON VALLEY",1
"140","2018","DONCASTER",113
"141","2018","DONCASTER EAST",101
"142","2018","DONNYBROOK",12
"143","2018","DONVALE",57
"144","2018","DOREEN",110
"145","2018","DOVETON",27
"146","2018","DROMANA",35
"147","2018","EAGLEMONT",12
"148","2018","EAST MELBOURNE",19
"149","2018","EAST WARBURTON",13
"150","2018","EDEN PARK",2
"151","2018","EDITHVALE",34
"152","2018","ELSTERNWICK",76
"153","2018","ELTHAM",64
"154","2018","ELTHAM NORTH",21
"155","2018","ELWOOD",111
"156","2018","EMERALD",32
"157","2018","ENDEAVOUR HILLS",66
"158","2018","EPPING",141
"159","2018","ESSENDON",108
"160","2018","ESSENDON NORTH",14
"161","2018","ESSENDON WEST",7
"162","2018","EUMEMMERRING",7
"163","2018","EYNESBURY",14
"164","2018","FAIRFIELD",39
"165","2018","FAWKNER",39
"166","2018","FERNTREE GULLY",114
"167","2018","FERNY CREEK",6
"168","2018","FINGAL",14
"169","2018","FITZROY",44
"170","2018","FITZROY NORTH",50
"171","2018","FLEMINGTON",28
"172","2018","FLINDERS",12
"173","2018","FOOTSCRAY",82
"174","2018","FOREST HILL",45
"175","2018","FRANKSTON",227
"176","2018","FRANKSTON NORTH",27
"177","2018","FRANKSTON SOUTH",73
"178","2018","FRASER RISE",11
"179","2018","GARDENVALE",3
"180","2018","GARFIELD",8
"181","2018","GEMBROOK",17
"182","2018","GILDEROY",1
"183","2018","GLADSTONE PARK",26
"184","2018","GLADYSDALE",1
"185","2018","GLEN HUNTLY",30
"186","2018","GLEN IRIS",112
"187","2018","GLEN WAVERLEY",153
"188","2018","GLENROY",98
"189","2018","GOWANBRAE",15
"190","2018","GREENSBOROUGH",99
"191","2018","GREENVALE",75
"192","2018","GUYS HILL",2
"193","2018","HADFIELD",33
"194","2018","HALLAM",27
"195","2018","HAMPTON",71
"196","2018","HAMPTON EAST",26
"197","2018","HAMPTON PARK",82
"198","2018","HARKAWAY",1
"199","2018","HARKNESS",56
"200","2018","HASTINGS",57
"201","2018","HAWTHORN",125
"202","2018","HAWTHORN EAST",49
"203","2018","HEALESVILLE",34
"204","2018","HEATHERTON",6
"205","2018","HEATHMONT",43
"206","2018","HEIDELBERG",23
"207","2018","HEIDELBERG HEIGHTS",46
"208","2018","HEIDELBERG WEST",25
"209","2018","HIGHETT",66
"210","2018","HILLSIDE",64
"211","2018","HOPPERS CROSSING",146
"212","2018","HUGHESDALE",29
"213","2018","HUMEVALE",1
"214","2018","HUNTINGDALE",7
"215","2018","HURSTBRIDGE",10
"216","2018","IVANHOE",40
"217","2018","IVANHOE EAST",20
"218","2018","JACANA",12
"219","2018","JUNCTION VILLAGE",2
"220","2018","KALKALLO",15
"221","2018","KALLISTA",11
"222","2018","KALORAMA",7
"223","2018","KANGAROO GROUND",4
"224","2018","KEALBA",12
"225","2018","KEILOR",11
"226","2018","KEILOR DOWNS",28
"227","2018","KEILOR EAST",59
"228","2018","KEILOR PARK",5
"229","2018","KENSINGTON",68
"230","2018","KEW",92
"231","2018","KEW EAST",30
"232","2018","KEYSBOROUGH",108
"233","2018","KILSYTH",68
"234","2018","KILSYTH SOUTH",7
"235","2018","KINGS PARK",21
"236","2018","KINGSBURY",9
"237","2018","KINGSVILLE",21
"238","2018","KNOXFIELD",34
"239","2018","KOO WEE RUP",15
"240","2018","KOOYONG",2
"241","2018","KURUNJANG",42
"242","2018","LALOR",71
"243","2018","LANG LANG",6
"244","2018","LANGWARRIN",127
"245","2018","LANGWARRIN SOUTH",2
"246","2018","LAUNCHING PLACE",10
"247","2018","LAVERTON",34
"248","2018","LILYDALE",75
"249","2018","LITTLE RIVER",4
"250","2018","LOWER PLENTY",25
"251","2018","LYNBROOK",25
"252","2018","LYNDHURST",26
"253","2018","LYSTERFIELD",21
"254","2018","LYSTERFIELD SOUTH",3
"255","2018","MACCLESFIELD",3
"256","2018","MACLEOD",40
"257","2018","MAIDSTONE",41
"258","2018","MAIN RIDGE",6
"259","2018","MALVERN",57
"260","2018","MALVERN EAST",72
"261","2018","MANOR LAKES",34
"262","2018","MARIBYRNONG",64
"263","2018","MCCRAE",20
"264","2018","MCKINNON",20
"265","2018","MEADOW HEIGHTS",22
"266","2018","MELBOURNE",219
"267","2018","MELTON",59
"268","2018","MELTON SOUTH",67
"269","2018","MELTON WEST",46
"270","2018","MENTONE",64
"271","2018","MENZIES CREEK",4
"272","2018","MERNDA",111
"273","2018","MERRICKS NORTH",2
"274","2018","MICKLEHAM",49
"275","2018","MIDDLE PARK",20
"276","2018","MILL PARK",111
"277","2018","MILLGROVE",11
"278","2018","MITCHAM",71
"279","2018","MONBULK",15
"280","2018","MONT ALBERT",12
"281","2018","MONT ALBERT NORTH",26
"282","2018","MONTMORENCY",38
"283","2018","MONTROSE",24
"284","2018","MOONEE PONDS",61
"285","2018","MOORABBIN",37
"286","2018","MOOROODUC",2
"287","2018","MOOROOLBARK",87
"288","2018","MORDIALLOC",52
"289","2018","MORNINGTON",131
"290","2018","MOUNT BURNETT",2
"291","2018","MOUNT DANDENONG",5
"292","2018","MOUNT ELIZA",90
"293","2018","MOUNT EVELYN",37
"294","2018","MOUNT MARTHA",99
"295","2018","MOUNT WAVERLEY",135
"296","2018","MULGRAVE",73
"297","2018","MURRUMBEENA",47
"298","2018","NAR NAR GOON",3
"299","2018","NAR NAR GOON NORTH",1
"300","2018","NARRE WARREN",106
"301","2018","NARRE WARREN EAST",2
"302","2018","NARRE WARREN NORTH",9
"303","2018","NARRE WARREN SOUTH",94
"304","2018","NEWPORT",64
"305","2018","NIDDRIE",28
"306","2018","NOBLE PARK",99
"307","2018","NOBLE PARK NORTH",23
"308","2018","NORTH MELBOURNE",63
"309","2018","NORTH WARRANDYTE",9
"310","2018","NORTHCOTE",119
"311","2018","NOTTING HILL",12
"312","2018","NUNAWADING",34
"313","2018","OAK PARK",31
"314","2018","OAKLANDS JUNCTION",1
"315","2018","OAKLEIGH",21
"316","2018","OAKLEIGH EAST",31
"317","2018","OAKLEIGH SOUTH",28
"318","2018","OFFICER",86
"319","2018","OLINDA",8
"320","2018","ORMOND",36
"321","2018","PAKENHAM",321
"322","2018","PAKENHAM UPPER",2
"323","2018","PANTON HILL",2
"324","2018","PARK ORCHARDS",3
"325","2018","PARKDALE",61
"326","2018","PARKVILLE",17
"327","2018","PASCOE VALE",81
"328","2018","PASCOE VALE SOUTH",37
"329","2018","PATTERSON LAKES",30
"330","2018","PEARCEDALE",10
"331","2018","PLENTY",9
"332","2018","PLUMPTON",18
"333","2018","POINT COOK",174
"334","2018","PORT MELBOURNE",96
"335","2018","PORTSEA",12
"336","2018","POWELLTOWN",3
"337","2018","PRAHRAN",81
"338","2018","PRESTON",143
"339","2018","RED HILL",7
"340","2018","REEFTON",1
"341","2018","RESEARCH",17
"342","2018","RESERVOIR",217
"343","2018","RICHMOND",174
"344","2018","RINGWOOD",87
"345","2018","RINGWOOD EAST",62
"346","2018","RINGWOOD NORTH",41
"347","2018","RIPPONLEA",9
"348","2018","ROCKBANK",9
"349","2018","ROSANNA",46
"350","2018","ROSEBUD",101
"351","2018","ROWVILLE",101
"352","2018","ROXBURGH PARK",78
"353","2018","RYE",88
"354","2018","SAFETY BEACH",50
"355","2018","SANDHURST",11
"356","2018","SANDRINGHAM",55
"357","2018","SASSAFRAS",6
"358","2018","SCORESBY",16
"359","2018","SEABROOK",11
"360","2018","SEAFORD",84
"361","2018","SEAHOLME",8
"362","2018","SEDDON",25
"363","2018","SELBY",11
"364","2018","SEVILLE",9
"365","2018","SEVILLE EAST",7
"366","2018","SHERBROOKE",2
"367","2018","SHOREHAM",4
"368","2018","SILVAN",1
"369","2018","SKYE",31
"370","2018","SMITHS GULLY",1
"371","2018","SOMERS",6
"372","2018","SOMERVILLE",45
"373","2018","SORRENTO",21
"374","2018","SOUTH KINGSVILLE",11
"375","2018","SOUTH MELBOURNE",54
"376","2018","SOUTH MORANG",92
"377","2018","SOUTH YARRA",147
"378","2018","SOUTHBANK",126
"379","2018","SPOTSWOOD",12
"380","2018","SPRINGVALE",42
"381","2018","SPRINGVALE SOUTH",28
"382","2018","ST ALBANS",95
"383","2018","ST ANDREWS",3
"384","2018","ST ANDREWS BEACH",4
"385","2018","ST HELENA",9
"386","2018","ST KILDA",153
"387","2018","ST KILDA EAST",95
"388","2018","ST KILDA WEST",16
"389","2018","STEELS CREEK",1
"390","2018","STRATHMORE",56
"391","2018","STRATHMORE HEIGHTS",3
"392","2018","STRATHTULLOH",2
"393","2018","SUNBURY",194
"394","2018","SUNSHINE",38
"395","2018","SUNSHINE NORTH",31
"396","2018","SUNSHINE WEST",56
"397","2018","SURREY HILLS",52
"398","2018","SYDENHAM",33
"399","2018","TARNEIT",188
"400","2018","TAYLORS HILL",54
"401","2018","TAYLORS LAKES",35
"402","2018","TECOMA",14
"403","2018","TEMPLESTOWE",66
"404","2018","TEMPLESTOWE LOWER",49
"405","2018","THE BASIN",21
"406","2018","THE PATCH",5
"407","2018","THOMASTOWN",62
"408","2018","THORNBURY",93
"409","2018","THORNHILL PARK",4
"410","2018","TOOLANGI",1
"411","2018","TOOLERN VALE",2
"412","2018","TOORADIN",3
"413","2018","TOORAK",60
"414","2018","TOOTGAROOK",26
"415","2018","TRAVANCORE",15
"416","2018","TRUGANINA",88
"417","2018","TULLAMARINE",30
"418","2018","TYABB",13
"419","2018","TYNONG",2
"420","2018","UPPER FERNTREE GULLY",15
"421","2018","UPWEY",36
"422","2018","VERMONT",29
"423","2018","VERMONT SOUTH",32
"424","2018","VIEWBANK",25
"425","2018","WANDIN NORTH",15
"426","2018","WANTIRNA",40
"427","2018","WANTIRNA SOUTH",62
"428","2018","WARBURTON",14
"429","2018","WARNEET",2
"430","2018","WARRANDYTE",14
"431","2018","WARRANDYTE SOUTH",1
"432","2018","WARRANWOOD",12
"433","2018","WATERWAYS",5
"434","2018","WATSONIA",28
"435","2018","WATSONIA NORTH",14
"436","2018","WATTLE GLEN",10
"437","2018","WEIR VIEWS",7
"438","2018","WERRIBEE",189
"439","2018","WERRIBEE SOUTH",3
"440","2018","WESBURN",4
"441","2018","WEST FOOTSCRAY",62
"442","2018","WEST MELBOURNE",20
"443","2018","WESTMEADOWS",25
"444","2018","WHEELERS HILL",68
"445","2018","WHITTLESEA",28
"446","2018","WILLIAMS LANDING",35
"447","2018","WILLIAMSTOWN",72
"448","2018","WINDSOR",17
"449","2018","WOLLERT",67
"450","2018","WONGA PARK",6
"451","2018","WOODSTOCK",1
"452","2018","WOORI YALLOCK",9
"453","2018","WYNDHAM VALE",114
"454","2018","YALLAMBIE",15
"455","2018","YAN YEAN",1
"456","2018","YARRA GLEN",15
"457","2018","YARRA JUNCTION",12
"458","2018","YARRAMBAT",2
"459","2018","YARRAVILLE",58
"460","2018","YELLINGBO",1
"461","2018","YUROKE",1
"462","2019","ABBOTSFORD",153
"463","2019","ABERFELDIE",43
"464","2019","AINTREE",64
"465","2019","AIRPORT WEST",118
"466","2019","ALBANVALE",50
"467","2019","ALBERT PARK",94
"468","2019","ALBION",74
"469","2019","ALPHINGTON",57
"470","2019","ALTONA",240
"471","2019","ALTONA MEADOWS",194
"472","2019","ALTONA NORTH",191
"473","2019","ARDEER",41
"474","2019","ARMADALE",157
"475","2019","ARTHURS CREEK",3
"476","2019","ARTHURS SEAT",6
"477","2019","ASCOT VALE",216
"478","2019","ASHBURTON",77
"479","2019","ASHWOOD",86
"480","2019","ASPENDALE",104
"481","2019","ASPENDALE GARDENS",43
"482","2019","ATTWOOD",27
"483","2019","AVONDALE HEIGHTS",135
"484","2019","AVONSLEIGH",14
"485","2019","BADGER CREEK",12
"486","2019","BALACLAVA",59
"487","2019","BALNARRING",28
"488","2019","BALNARRING BEACH",5
"489","2019","BALWYN",179
"490","2019","BALWYN NORTH",259
"491","2019","BANGHOLME",2
"492","2019","BAXTER",39
"493","2019","BAYLES",1
"494","2019","BAYSWATER",181
"495","2019","BAYSWATER NORTH",147
"496","2019","BEACONSFIELD",95
"497","2019","BEACONSFIELD UPPER",23
"498","2019","BEAUMARIS",205
"499","2019","BELGRAVE",68
"500","2019","BELGRAVE HEIGHTS",13
"501","2019","BELGRAVE SOUTH",14
"502","2019","BELLFIELD",26
"503","2019","BEND OF ISLANDS",3
"504","2019","BENTLEIGH",293
"505","2019","BENTLEIGH EAST",392
"506","2019","BERWICK",674
"507","2019","BIG PATS CREEK",2
"508","2019","BITTERN",67
"509","2019","BLACK ROCK",96
"510","2019","BLACKBURN",211
"511","2019","BLACKBURN NORTH",105
"512","2019","BLACKBURN SOUTH",120
"513","2019","BLAIRGOWRIE",111
"514","2019","BLIND BIGHT",13
"515","2019","BONBEACH",143
"516","2019","BORONIA",368
"517","2019","BOTANIC RIDGE",94
"518","2019","BOX HILL",186
"519","2019","BOX HILL NORTH",161
"520","2019","BOX HILL SOUTH",131
"521","2019","BRAYBROOK",90
"522","2019","BRIAR HILL",54
"523","2019","BRIGHTON",325
"524","2019","BRIGHTON EAST",207
"525","2019","BROADMEADOWS",128
"526","2019","BROOKFIELD",143
"527","2019","BROOKLYN",57
"528","2019","BRUNSWICK",379
"529","2019","BRUNSWICK EAST",203
"530","2019","BRUNSWICK WEST",190
"531","2019","BULLA",3
"532","2019","BULLEEN",161
"533","2019","BUNDOORA",298
"534","2019","BUNYIP",29
"535","2019","BURNLEY",1
"536","2019","BURNSIDE",39
"537","2019","BURNSIDE HEIGHTS",41
"538","2019","BURWOOD",191
"539","2019","BURWOOD EAST",106
"540","2019","CAIRNLEA",62
"541","2019","CALDERMEADE",1
"542","2019","CAMBERWELL",263
"543","2019","CAMPBELLFIELD",33
"544","2019","CANNONS CREEK",8
"545","2019","CANTERBURY",88
"546","2019","CAPE SCHANCK",13
"547","2019","CAPEL SOUND",97
"548","2019","CARDINIA",1
"549","2019","CARLTON",178
"550","2019","CARLTON NORTH",88
"551","2019","CARNEGIE",251
"552","2019","CAROLINE SPRINGS",269
"553","2019","CARRUM",84
"554","2019","CARRUM DOWNS",379
"555","2019","CATANI",1
"556","2019","CAULFIELD",80
"557","2019","CAULFIELD EAST",26
"558","2019","CAULFIELD NORTH",169
"559","2019","CAULFIELD SOUTH",138
"560","2019","CHADSTONE",125
"561","2019","CHELSEA",171
"562","2019","CHELSEA HEIGHTS",60
"563","2019","CHELTENHAM",361
"564","2019","CHIRNSIDE PARK",154
"565","2019","CHRISTMAS HILLS",2
"566","2019","CHUM CREEK",7
"567","2019","CLARINDA",60
"568","2019","CLAYTON",184
"569","2019","CLAYTON SOUTH",142
"570","2019","CLEMATIS",6
"571","2019","CLIFTON HILL",73
"572","2019","CLYDE",114
"573","2019","CLYDE NORTH",420
"574","2019","COBBLEBANK",26
"575","2019","COBURG",307
"576","2019","COBURG NORTH",105
"577","2019","COCKATOO",72
"578","2019","COLDSTREAM",20
"579","2019","COLLINGWOOD",150
"580","2019","COOLAROO",22
"581","2019","CORA LYNN",1
"582","2019","COTTLES BRIDGE",2
"583","2019","CRAIGIEBURN",823
"584","2019","CRANBOURNE",303
"585","2019","CRANBOURNE EAST",267
"586","2019","CRANBOURNE NORTH",338
"587","2019","CRANBOURNE SOUTH",7
"588","2019","CRANBOURNE WEST",296
"589","2019","CREMORNE",5
"590","2019","CRIB POINT",71
"591","2019","CROYDON",502
"592","2019","CROYDON HILLS",58
"593","2019","CROYDON NORTH",122
"594","2019","CROYDON SOUTH",74
"595","2019","DALLAS",58
"596","2019","DALMORE",1
"597","2019","DANDENONG",323
"598","2019","DANDENONG NORTH",227
"599","2019","DEEPDENE",17
"600","2019","DEER PARK",212
"601","2019","DELAHEY",79
"602","2019","DERRIMUT",88
"603","2019","DEVON MEADOWS",10
"604","2019","DIAMOND CREEK",184
"605","2019","DIGGERS REST",55
"606","2019","DINGLEY VILLAGE",108
"607","2019","DIXONS CREEK",3
"608","2019","DOCKLANDS",312
"609","2019","DON VALLEY",6
"610","2019","DONCASTER",408
"611","2019","DONCASTER EAST",358
"612","2019","DONNYBROOK",9
"613","2019","DONVALE",182
"614","2019","DOREEN",489
"615","2019","DOVETON",142
"616","2019","DROMANA",146
"617","2019","EAGLEMONT",57
"618","2019","EAST MELBOURNE",72
"619","2019","EAST WARBURTON",23
"620","2019","EDEN PARK",9
"621","2019","EDITHVALE",122
"622","2019","ELSTERNWICK",139
"623","2019","ELTHAM",267
"624","2019","ELTHAM NORTH",75
"625","2019","ELWOOD",282
"626","2019","EMERALD",83
"627","2019","ENDEAVOUR HILLS",259
"628","2019","EPPING",347
"629","2019","ESSENDON",294
"630","2019","ESSENDON NORTH",43
"631","2019","ESSENDON WEST",17
"632","2019","EUMEMMERRING",24
"633","2019","EYNESBURY",54
"634","2019","FAIRFIELD",84
"635","2019","FAWKNER",163
"636","2019","FERNTREE GULLY",362
"637","2019","FERNY CREEK",28
"638","2019","FINGAL",14
"639","2019","FITZROY",159
"640","2019","FITZROY NORTH",147
"641","2019","FLEMINGTON",106
"642","2019","FLINDERS",27
"643","2019","FOOTSCRAY",264
"644","2019","FOREST HILL",137
"645","2019","FRANKSTON",729
"646","2019","FRANKSTON NORTH",91
"647","2019","FRANKSTON SOUTH",314
"648","2019","FRASER RISE",99
"649","2019","GARDENVALE",16
"650","2019","GARFIELD",27
"651","2019","GEMBROOK",40
"652","2019","GLADSTONE PARK",86
"653","2019","GLADYSDALE",1
"654","2019","GLEN HUNTLY",76
"655","2019","GLEN IRIS",329
"656","2019","GLEN WAVERLEY",470
"657","2019","GLENROY",378
"658","2019","GOWANBRAE",23
"659","2019","GREENSBOROUGH",345
"660","2019","GREENVALE",188
"661","2019","GRUYERE",7
"662","2019","GUYS HILL",3
"663","2019","HADFIELD",104
"664","2019","HALLAM",126
"665","2019","HAMPTON",204
"666","2019","HAMPTON EAST",75
"667","2019","HAMPTON PARK",272
"668","2019","HARKAWAY",6
"669","2019","HARKNESS",206
"670","2019","HASTINGS",193
"671","2019","HAWTHORN",339
"672","2019","HAWTHORN EAST",195
"673","2019","HEALESVILLE",139
"674","2019","HEATHERTON",34
"675","2019","HEATHMONT",133
"676","2019","HEIDELBERG",98
"677","2019","HEIDELBERG HEIGHTS",108
"678","2019","HEIDELBERG WEST",78
"679","2019","HIGHETT",215
"680","2019","HILLSIDE",175
"681","2019","HODDLES CREEK",4
"682","2019","HOPPERS CROSSING",439
"683","2019","HUGHESDALE",96
"684","2019","HUMEVALE",1
"685","2019","HUNTINGDALE",22
"686","2019","HURSTBRIDGE",50
"687","2019","IONA",1
"688","2019","IVANHOE",173
"689","2019","IVANHOE EAST",42
"690","2019","JACANA",40
"691","2019","JUNCTION VILLAGE",12
"692","2019","KALKALLO",74
"693","2019","KALLISTA",18
"694","2019","KALORAMA",25
"695","2019","KANGAROO GROUND",10
"696","2019","KEALBA",18
"697","2019","KEILOR",61
"698","2019","KEILOR DOWNS",71
"699","2019","KEILOR EAST",192
"700","2019","KEILOR LODGE",2
"701","2019","KEILOR NORTH",1
"702","2019","KEILOR PARK",20
"703","2019","KENSINGTON",196
"704","2019","KEW",302
"705","2019","KEW EAST",71
"706","2019","KEYSBOROUGH",308
"707","2019","KILSYTH",211
"708","2019","KILSYTH SOUTH",22
"709","2019","KINGS PARK",61
"710","2019","KINGSBURY",34
"711","2019","KINGSVILLE",83
"712","2019","KNOXFIELD",101
"713","2019","KOO WEE RUP",52
"714","2019","KOOYONG",6
"715","2019","KURUNJANG",157
"716","2019","LALOR",220
"717","2019","LANG LANG",35
"718","2019","LANG LANG EAST",1
"719","2019","LANGWARRIN",367
"720","2019","LANGWARRIN SOUTH",7
"721","2019","LAUNCHING PLACE",38
"722","2019","LAVERTON",95
"723","2019","LILYDALE",270
"724","2019","LITTLE RIVER",7
"725","2019","LOWER PLENTY",63
"726","2019","LYNBROOK",62
"727","2019","LYNDHURST",102
"728","2019","LYSTERFIELD",60
"729","2019","LYSTERFIELD SOUTH",6
"730","2019","MACCLESFIELD",5
"731","2019","MACLEOD",130
"732","2019","MAIDSTONE",151
"733","2019","MAIN RIDGE",4
"734","2019","MALVERN",121
"735","2019","MALVERN EAST",255
"736","2019","MAMBOURIN",1
"737","2019","MANOR LAKES",135
"738","2019","MARIBYRNONG",183
"739","2019","MARYKNOLL",3
"740","2019","MCCRAE",73
"741","2019","MCKINNON",70
"742","2019","MCMAHONS CREEK",6
"743","2019","MEADOW HEIGHTS",132
"744","2019","MELBOURNE",732
"745","2019","MELTON",177
"746","2019","MELTON SOUTH",249
"747","2019","MELTON WEST",166
"748","2019","MENTONE",205
"749","2019","MENZIES CREEK",10
"750","2019","MERNDA",339
"751","2019","MERRICKS",3
"752","2019","MERRICKS BEACH",2
"753","2019","MERRICKS NORTH",5
"754","2019","MICKLEHAM",237
"755","2019","MIDDLE PARK",48
"756","2019","MILL PARK",279
"757","2019","MILLGROVE",37
"758","2019","MITCHAM",240
"759","2019","MONBULK",36
"760","2019","MONOMEITH",1
"761","2019","MONT ALBERT",58
"762","2019","MONT ALBERT NORTH",88
"763","2019","MONTMORENCY",147
"764","2019","MONTROSE",82
"765","2019","MOONEE PONDS",184
"766","2019","MOORABBIN",102
"767","2019","MOOROODUC",2
"768","2019","MOOROOLBARK",342
"769","2019","MORDIALLOC",148
"770","2019","MORNINGTON",514
"771","2019","MOUNT DANDENONG",22
"772","2019","MOUNT ELIZA",310
"773","2019","MOUNT EVELYN",122
"774","2019","MOUNT MARTHA",355
"775","2019","MOUNT TOOLEBEWONG",1
"776","2019","MOUNT WAVERLEY",509
"777","2019","MULGRAVE",215
"778","2019","MURRUMBEENA",135
"779","2019","NAR NAR GOON",4
"780","2019","NAR NAR GOON NORTH",4
"781","2019","NARRE WARREN",335
"782","2019","NARRE WARREN EAST",3
"783","2019","NARRE WARREN NORTH",54
"784","2019","NARRE WARREN SOUTH",338
"785","2019","NEWPORT",232
"786","2019","NIDDRIE",89
"787","2019","NOBLE PARK",387
"788","2019","NOBLE PARK NORTH",53
"789","2019","NORTH MELBOURNE",193
"790","2019","NORTH WARRANDYTE",39
"791","2019","NORTHCOTE",379
"792","2019","NOTTING HILL",45
"793","2019","NUNAWADING",152
"794","2019","OAK PARK",103
"795","2019","OAKLANDS JUNCTION",2
"796","2019","OAKLEIGH",79
"797","2019","OAKLEIGH EAST",77
"798","2019","OAKLEIGH SOUTH",111
"799","2019","OFFICER",247
"800","2019","OFFICER SOUTH",2
"801","2019","OLINDA",25
"802","2019","ORMOND",100
"803","2019","PAKENHAM",959
"804","2019","PAKENHAM SOUTH",2
"805","2019","PAKENHAM UPPER",4
"806","2019","PANTON HILL",6
"807","2019","PARK ORCHARDS",35
"808","2019","PARKDALE",185
"809","2019","PARKVILLE",51
"810","2019","PASCOE VALE",312
"811","2019","PASCOE VALE SOUTH",117
"812","2019","PATTERSON LAKES",146
"813","2019","PEARCEDALE",46
"814","2019","PLENTY",16
"815","2019","PLUMPTON",11
"816","2019","POINT COOK",719
"817","2019","PORT MELBOURNE",314
"818","2019","PORTSEA",33
"819","2019","POWELLTOWN",4
"820","2019","PRAHRAN",310
"821","2019","PRESTON",445
"822","2019","PRINCES HILL",1
"823","2019","RED HILL",21
"824","2019","RED HILL SOUTH",2
"825","2019","REEFTON",1
"826","2019","RESEARCH",38
"827","2019","RESERVOIR",640
"828","2019","RICHMOND",488
"829","2019","RINGWOOD",308
"830","2019","RINGWOOD EAST",171
"831","2019","RINGWOOD NORTH",108
"832","2019","RIPPONLEA",13
"833","2019","ROCKBANK",23
"834","2019","ROSANNA",118
"835","2019","ROSEBUD",371
"836","2019","ROWVILLE",334
"837","2019","ROXBURGH PARK",233
"838","2019","RYE",322
"839","2019","SAFETY BEACH",148
"840","2019","SANDHURST",93
"841","2019","SANDRINGHAM",166
"842","2019","SASSAFRAS",12
"843","2019","SCORESBY",69
"844","2019","SEABROOK",57
"845","2019","SEAFORD",332
"846","2019","SEAHOLME",25
"847","2019","SEDDON",95
"848","2019","SELBY",21
"849","2019","SEVILLE",26
"850","2019","SEVILLE EAST",16
"851","2019","SHERBROOKE",3
"852","2019","SHOREHAM",7
"853","2019","SILVAN",17
"854","2019","SKYE",144
"855","2019","SMITHS GULLY",3
"856","2019","SOMERS",50
"857","2019","SOMERVILLE",163
"858","2019","SORRENTO",88
"859","2019","SOUTH KINGSVILLE",42
"860","2019","SOUTH MELBOURNE",205
"861","2019","SOUTH MORANG",269
"862","2019","SOUTH YARRA",425
"863","2019","SOUTHBANK",390
"864","2019","SPOTSWOOD",45
"865","2019","SPRINGVALE",150
"866","2019","SPRINGVALE SOUTH",81
"867","2019","ST ALBANS",329
"868","2019","ST ANDREWS",14
"869","2019","ST ANDREWS BEACH",26
"870","2019","ST HELENA",37
"871","2019","ST KILDA",416
"872","2019","ST KILDA EAST",274
"873","2019","ST KILDA WEST",55
"874","2019","STEELS CREEK",2
"875","2019","STRATHEWEN",3
"876","2019","STRATHMORE",127
"877","2019","STRATHMORE HEIGHTS",13
"878","2019","STRATHTULLOH",3
"879","2019","SUNBURY",598
"880","2019","SUNSHINE",132
"881","2019","SUNSHINE NORTH",112
"882","2019","SUNSHINE WEST",184
"883","2019","SURREY HILLS",165
"884","2019","SYDENHAM",113
"885","2019","TARNEIT",644
"886","2019","TARRAWARRA",1
"887","2019","TAYLORS HILL",126
"888","2019","TAYLORS LAKES",97
"889","2019","TECOMA",29
"890","2019","TEMPLESTOWE",216
"891","2019","TEMPLESTOWE LOWER",165
"892","2019","THE BASIN",41
"893","2019","THE PATCH",13
"894","2019","THOMASTOWN",194
"895","2019","THORNBURY",270
"896","2019","THORNHILL PARK",29
"897","2019","THREE BRIDGES",3
"898","2019","TOOLERN VALE",3
"899","2019","TOORADIN",11
"900","2019","TOORAK",216
"901","2019","TOOTGAROOK",84
"902","2019","TRAVANCORE",55
"903","2019","TREMONT",2
"904","2019","TRUGANINA",345
"905","2019","TUERONG",1
"906","2019","TULLAMARINE",94
"907","2019","TYABB",46
"908","2019","TYNONG",4
"909","2019","TYNONG NORTH",1
"910","2019","UPPER FERNTREE GULLY",50
"911","2019","UPWEY",101
"912","2019","VERMONT",132
"913","2019","VERMONT SOUTH",98
"914","2019","VIEWBANK",81
"915","2019","WANDIN EAST",1
"916","2019","WANDIN NORTH",36
"917","2019","WANTIRNA",151
"918","2019","WANTIRNA SOUTH",218
"919","2019","WARBURTON",36
"920","2019","WARNEET",9
"921","2019","WARRANDYTE",62
"922","2019","WARRANDYTE SOUTH",5
"923","2019","WARRANWOOD",46
"924","2019","WATERWAYS",14
"925","2019","WATSONIA",67
"926","2019","WATSONIA NORTH",39
"927","2019","WATTLE GLEN",22
"928","2019","WEIR VIEWS",23
"929","2019","WERRIBEE",629
"930","2019","WERRIBEE SOUTH",15
"931","2019","WESBURN",12
"932","2019","WEST FOOTSCRAY",163
"933","2019","WEST MELBOURNE",97
"934","2019","WESTMEADOWS",89
"935","2019","WHEELERS HILL",171
"936","2019","WHITTLESEA",94
"937","2019","WILLIAMS LANDING",95
"938","2019","WILLIAMSTOWN",217
"939","2019","WILLIAMSTOWN NORTH",7
"940","2019","WINDSOR",59
"941","2019","WOLLERT",324
"942","2019","WONGA PARK",36
"943","2019","WOORI YALLOCK",36
"944","2019","WYNDHAM VALE",282
"945","2019","YALLAMBIE",41
"946","2019","YAN YEAN",3
"947","2019","YANNATHAN",1
"948","2019","YARRA GLEN",33
"949","2019","YARRA JUNCTION",44
"950","2019","YARRAMBAT",8
"951","2019","YARRAVILLE",248
"952","2019","YELLINGBO",4
"953","2019","YERING",1
"954","2020","ABBOTSFORD",134
"955","2020","ABERFELDIE",29
"956","2020","AINTREE",78
"957","2020","AIRPORT WEST",130
"958","2020","ALBANVALE",43
"959","2020","ALBERT PARK",51
"960","2020","ALBION",60
"961","2020","ALPHINGTON",43
"962","2020","ALTONA",174
"963","2020","ALTONA MEADOWS",153
"964","2020","ALTONA NORTH",174
"965","2020","ARDEER",42
"966","2020","ARMADALE",93
"967","2020","ARTHURS CREEK",3
"968","2020","ARTHURS SEAT",9
"969","2020","ASCOT VALE",179
"970","2020","ASHBURTON",67
"971","2020","ASHWOOD",56
"972","2020","ASPENDALE",88
"973","2020","ASPENDALE GARDENS",38
"974","2020","ATTWOOD",25
"975","2020","AVONDALE HEIGHTS",103
"976","2020","AVONSLEIGH",10
"977","2020","BADGER CREEK",10
"978","2020","BALACLAVA",55
"979","2020","BALNARRING",22
"980","2020","BALNARRING BEACH",13
"981","2020","BALWYN",103
"982","2020","BALWYN NORTH",152
"983","2020","BAXTER",32
"984","2020","BAYSWATER",185
"985","2020","BAYSWATER NORTH",137
"986","2020","BEACONSFIELD",91
"987","2020","BEACONSFIELD UPPER",23
"988","2020","BEAUMARIS",132
"989","2020","BELGRAVE",51
"990","2020","BELGRAVE HEIGHTS",17
"991","2020","BELGRAVE SOUTH",12
"992","2020","BELLFIELD",24
"993","2020","BEND OF ISLANDS",3
"994","2020","BENTLEIGH",186
"995","2020","BENTLEIGH EAST",318
"996","2020","BERWICK",583
"997","2020","BIG PATS CREEK",3
"998","2020","BITTERN",57
"999","2020","BLACK ROCK",75
"1000","2020","BLACKBURN",164
"1001","2020","BLACKBURN NORTH",80
"1002","2020","BLACKBURN SOUTH",82
"1003","2020","BLAIRGOWRIE",126
"1004","2020","BLIND BIGHT",18
"1005","2020","BONBEACH",124
"1006","2020","BORONIA",366
"1007","2020","BOTANIC RIDGE",100
"1008","2020","BOX HILL",127
"1009","2020","BOX HILL NORTH",126
"1010","2020","BOX HILL SOUTH",98
"1011","2020","BRAYBROOK",99
"1012","2020","BRIAR HILL",41
"1013","2020","BRIGHTON",197
"1014","2020","BRIGHTON EAST",110
"1015","2020","BROADMEADOWS",106
"1016","2020","BROOKFIELD",124
"1017","2020","BROOKLYN",37
"1018","2020","BRUNSWICK",314
"1019","2020","BRUNSWICK EAST",190
"1020","2020","BRUNSWICK WEST",177
"1021","2020","BULLEEN",97
"1022","2020","BUNDOORA",275
"1023","2020","BUNYIP",42
"1024","2020","BURNLEY",2
"1025","2020","BURNSIDE",40
"1026","2020","BURNSIDE HEIGHTS",61
"1027","2020","BURWOOD",139
"1028","2020","BURWOOD EAST",89
"1029","2020","CAIRNLEA",59
"1030","2020","CAMBERWELL",155
"1031","2020","CAMPBELLFIELD",22
"1032","2020","CANNONS CREEK",7
"1033","2020","CANTERBURY",50
"1034","2020","CAPE SCHANCK",16
"1035","2020","CAPEL SOUND",104
"1036","2020","CARDINIA",3
"1037","2020","CARLTON",144
"1038","2020","CARLTON NORTH",58
"1039","2020","CARNEGIE",213
"1040","2020","CAROLINE SPRINGS",240
"1041","2020","CARRUM",80
"1042","2020","CARRUM DOWNS",339
"1043","2020","CATANI",1
"1044","2020","CAULFIELD",39
"1045","2020","CAULFIELD EAST",18
"1046","2020","CAULFIELD NORTH",122
"1047","2020","CAULFIELD SOUTH",107
"1048","2020","CHADSTONE",104
"1049","2020","CHELSEA",149
"1050","2020","CHELSEA HEIGHTS",50
"1051","2020","CHELTENHAM",273
"1052","2020","CHIRNSIDE PARK",138
"1053","2020","CHRISTMAS HILLS",2
"1054","2020","CHUM CREEK",5
"1055","2020","CLARINDA",59
"1056","2020","CLAYTON",145
"1057","2020","CLAYTON SOUTH",103
"1058","2020","CLEMATIS",4
"1059","2020","CLIFTON HILL",71
"1060","2020","CLYDE",186
"1061","2020","CLYDE NORTH",369
"1062","2020","COBBLEBANK",37
"1063","2020","COBURG",305
"1064","2020","COBURG NORTH",102
"1065","2020","COCKATOO",62
"1066","2020","COLDSTREAM",26
"1067","2020","COLLINGWOOD",125
"1068","2020","COOLAROO",22
"1069","2020","CORA LYNN",1
"1070","2020","COTTLES BRIDGE",4
"1071","2020","CRAIGIEBURN",735
"1072","2020","CRANBOURNE",267
"1073","2020","CRANBOURNE EAST",258
"1074","2020","CRANBOURNE NORTH",258
"1075","2020","CRANBOURNE SOUTH",22
"1076","2020","CRANBOURNE WEST",245
"1077","2020","CREMORNE",4
"1078","2020","CRIB POINT",51
"1079","2020","CROYDON",412
"1080","2020","CROYDON HILLS",42
"1081","2020","CROYDON NORTH",97
"1082","2020","CROYDON SOUTH",72
"1083","2020","DALLAS",53
"1084","2020","DANDENONG",292
"1085","2020","DANDENONG NORTH",160
"1086","2020","DEANSIDE",12
"1087","2020","DEEPDENE",8
"1088","2020","DEER PARK",186
"1089","2020","DELAHEY",59
"1090","2020","DERRIMUT",48
"1091","2020","DEVON MEADOWS",4
"1092","2020","DEWHURST",2
"1093","2020","DIAMOND CREEK",134
"1094","2020","DIGGERS REST",75
"1095","2020","DINGLEY VILLAGE",71
"1096","2020","DOCKLANDS",254
"1097","2020","DON VALLEY",1
"1098","2020","DONCASTER",230
"1099","2020","DONCASTER EAST",305
"1100","2020","DONNYBROOK",21
"1101","2020","DONVALE",117
"1102","2020","DOREEN",367
"1103","2020","DOVETON",121
"1104","2020","DROMANA",137
"1105","2020","EAGLEMONT",33
"1106","2020","EAST MELBOURNE",59
"1107","2020","EAST WARBURTON",8
"1108","2020","EDEN PARK",10
"1109","2020","EDITHVALE",107
"1110","2020","ELSTERNWICK",110
"1111","2020","ELTHAM",214
"1112","2020","ELTHAM NORTH",62
"1113","2020","ELWOOD",225
"1114","2020","EMERALD",70
"1115","2020","ENDEAVOUR HILLS",230
"1116","2020","EPPING",294
"1117","2020","ESSENDON",259
"1118","2020","ESSENDON NORTH",49
"1119","2020","ESSENDON WEST",19
"1120","2020","EUMEMMERRING",31
"1121","2020","EYNESBURY",41
"1122","2020","FAIRFIELD",65
"1123","2020","FAWKNER",139
"1124","2020","FERNTREE GULLY",306
"1125","2020","FERNY CREEK",15
"1126","2020","FINGAL",31
"1127","2020","FITZROY",111
"1128","2020","FITZROY NORTH",120
"1129","2020","FLEMINGTON",83
"1130","2020","FLINDERS",21
"1131","2020","FOOTSCRAY",225
"1132","2020","FOREST HILL",97
"1133","2020","FRANKSTON",685
"1134","2020","FRANKSTON NORTH",102
"1135","2020","FRANKSTON SOUTH",254
"1136","2020","FRASER RISE",106
"1137","2020","GARDENVALE",7
"1138","2020","GARFIELD",18
"1139","2020","GARFIELD NORTH",2
"1140","2020","GEMBROOK",27
"1141","2020","GILDEROY",1
"1142","2020","GLADSTONE PARK",70
"1143","2020","GLADYSDALE",3
"1144","2020","GLEN HUNTLY",69
"1145","2020","GLEN IRIS",208
"1146","2020","GLEN WAVERLEY",317
"1147","2020","GLENROY",285
"1148","2020","GOWANBRAE",28
"1149","2020","GREENSBOROUGH",228
"1150","2020","GREENVALE",206
"1151","2020","GRUYERE",7
"1152","2020","GUYS HILL",1
"1153","2020","HADFIELD",93
"1154","2020","HALLAM",97
"1155","2020","HAMPTON",131
"1156","2020","HAMPTON EAST",83
"1157","2020","HAMPTON PARK",254
"1158","2020","HARKAWAY",12
"1159","2020","HARKNESS",166
"1160","2020","HASTINGS",186
"1161","2020","HAWTHORN",214
"1162","2020","HAWTHORN EAST",128
"1163","2020","HEALESVILLE",107
"1164","2020","HEATHERTON",26
"1165","2020","HEATHMONT",94
"1166","2020","HEIDELBERG",80
"1167","2020","HEIDELBERG HEIGHTS",103
"1168","2020","HEIDELBERG WEST",72
"1169","2020","HIGHETT",163
"1170","2020","HILLSIDE",150
"1171","2020","HODDLES CREEK",7
"1172","2020","HOPPERS CROSSING",335
"1173","2020","HUGHESDALE",42
"1174","2020","HUNTINGDALE",18
"1175","2020","HURSTBRIDGE",25
"1176","2020","IONA",1
"1177","2020","IVANHOE",112
"1178","2020","IVANHOE EAST",31
"1179","2020","JACANA",15
"1180","2020","JUNCTION VILLAGE",15
"1181","2020","KALKALLO",78
"1182","2020","KALLISTA",15
"1183","2020","KALORAMA",22
"1184","2020","KANGAROO GROUND",11
"1185","2020","KEALBA",25
"1186","2020","KEILOR",41
"1187","2020","KEILOR DOWNS",58
"1188","2020","KEILOR EAST",146
"1189","2020","KEILOR LODGE",1
"1190","2020","KEILOR PARK",19
"1191","2020","KENSINGTON",146
"1192","2020","KEW",193
"1193","2020","KEW EAST",42
"1194","2020","KEYSBOROUGH",262
"1195","2020","KILSYTH",196
"1196","2020","KILSYTH SOUTH",17
"1197","2020","KINGS PARK",61
"1198","2020","KINGSBURY",30
"1199","2020","KINGSVILLE",48
"1200","2020","KNOXFIELD",85
"1201","2020","KOO WEE RUP",54
"1202","2020","KOOYONG",4
"1203","2020","KURUNJANG",131
"1204","2020","LALOR",196
"1205","2020","LANG LANG",34
"1206","2020","LANGWARRIN",343
"1207","2020","LANGWARRIN SOUTH",4
"1208","2020","LAUNCHING PLACE",33
"1209","2020","LAVERTON",92
"1210","2020","LILYDALE",227
"1211","2020","LITTLE RIVER",5
"1212","2020","LOWER PLENTY",44
"1213","2020","LYNBROOK",67
"1214","2020","LYNDHURST",104
"1215","2020","LYSTERFIELD",45
"1216","2020","LYSTERFIELD SOUTH",2
"1217","2020","MACCLESFIELD",7
"1218","2020","MACLEOD",120
"1219","2020","MAIDSTONE",129
"1220","2020","MAIN RIDGE",2
"1221","2020","MALVERN",69
"1222","2020","MALVERN EAST",171
"1223","2020","MANOR LAKES",132
"1224","2020","MARIBYRNONG",149
"1225","2020","MARYKNOLL",2
"1226","2020","MCCRAE",70
"1227","2020","MCKINNON",44
"1228","2020","MCMAHONS CREEK",3
"1229","2020","MEADOW HEIGHTS",105
"1230","2020","MELBOURNE",436
"1231","2020","MELTON",136
"1232","2020","MELTON SOUTH",222
"1233","2020","MELTON WEST",136
"1234","2020","MENTONE",166
"1235","2020","MENZIES CREEK",8
"1236","2020","MERNDA",317
"1237","2020","MERRICKS BEACH",3
"1238","2020","MERRICKS NORTH",2
"1239","2020","MICKLEHAM",301
"1240","2020","MIDDLE PARK",45
"1241","2020","MILL PARK",222
"1242","2020","MILLGROVE",37
"1243","2020","MITCHAM",213
"1244","2020","MONBULK",57
"1245","2020","MONT ALBERT",33
"1246","2020","MONT ALBERT NORTH",45
"1247","2020","MONTMORENCY",119
"1248","2020","MONTROSE",60
"1249","2020","MOONEE PONDS",173
"1250","2020","MOORABBIN",59
"1251","2020","MOOROOLBARK",257
"1252","2020","MORDIALLOC",113
"1253","2020","MORNINGTON",459
"1254","2020","MOUNT BURNETT",2
"1255","2020","MOUNT COTTRELL",1
"1256","2020","MOUNT DANDENONG",26
"1257","2020","MOUNT ELIZA",247
"1258","2020","MOUNT EVELYN",103
"1259","2020","MOUNT MARTHA",348
"1260","2020","MOUNT WAVERLEY",305
"1261","2020","MULGRAVE",163
"1262","2020","MURRUMBEENA",106
"1263","2020","NAR NAR GOON",5
"1264","2020","NAR NAR GOON NORTH",5
"1265","2020","NARRE WARREN",282
"1266","2020","NARRE WARREN EAST",1
"1267","2020","NARRE WARREN NORTH",40
"1268","2020","NARRE WARREN SOUTH",280
"1269","2020","NEWPORT",156
"1270","2020","NIDDRIE",81
"1271","2020","NOBLE PARK",263
"1272","2020","NOBLE PARK NORTH",41
"1273","2020","NORTH MELBOURNE",139
"1274","2020","NORTH WARRANDYTE",37
"1275","2020","NORTHCOTE",308
"1276","2020","NOTTING HILL",21
"1277","2020","NUNAWADING",133
"1278","2020","OAK PARK",105
"1279","2020","OAKLEIGH",88
"1280","2020","OAKLEIGH EAST",66
"1281","2020","OAKLEIGH SOUTH",101
"1282","2020","OFFICER",388
"1283","2020","OFFICER SOUTH",9
"1284","2020","OLINDA",21
"1285","2020","ORMOND",90
"1286","2020","PAKENHAM",927
"1287","2020","PAKENHAM UPPER",12
"1288","2020","PANTON HILL",3
"1289","2020","PARK ORCHARDS",32
"1290","2020","PARKDALE",139
"1291","2020","PARKVILLE",51
"1292","2020","PASCOE VALE",212
"1293","2020","PASCOE VALE SOUTH",95
"1294","2020","PATTERSON LAKES",95
"1295","2020","PEARCEDALE",25
"1296","2020","PLENTY",17
"1297","2020","PLUMPTON",14
"1298","2020","POINT COOK",585
"1299","2020","PORT MELBOURNE",238
"1300","2020","PORTSEA",24
"1301","2020","POWELLTOWN",1
"1302","2020","PRAHRAN",251
"1303","2020","PRESTON",357
"1304","2020","PRINCES HILL",1
"1305","2020","RED HILL",11
"1306","2020","RESEARCH",21
"1307","2020","RESERVOIR",549
"1308","2020","RICHMOND",402
"1309","2020","RINGWOOD",238
"1310","2020","RINGWOOD EAST",139
"1311","2020","RINGWOOD NORTH",97
"1312","2020","RIPPONLEA",19
"1313","2020","ROCKBANK",38
"1314","2020","ROSANNA",81
"1315","2020","ROSEBUD",386
"1316","2020","ROWVILLE",274
"1317","2020","ROXBURGH PARK",173
"1318","2020","RYE",317
"1319","2020","RYTHDALE",1
"1320","2020","SAFETY BEACH",157
"1321","2020","SANDHURST",71
"1322","2020","SANDRINGHAM",124
"1323","2020","SASSAFRAS",14
"1324","2020","SCORESBY",37
"1325","2020","SEABROOK",35
"1326","2020","SEAFORD",280
"1327","2020","SEAHOLME",26
"1328","2020","SEDDON",85
"1329","2020","SELBY",16
"1330","2020","SEVILLE",26
"1331","2020","SEVILLE EAST",5
"1332","2020","SHERBROOKE",5
"1333","2020","SHOREHAM",4
"1334","2020","SILVAN",9
"1335","2020","SKYE",78
"1336","2020","SMITHS GULLY",3
"1337","2020","SOMERS",29
"1338","2020","SOMERVILLE",146
"1339","2020","SORRENTO",82
"1340","2020","SOUTH KINGSVILLE",44
"1341","2020","SOUTH MELBOURNE",148
"1342","2020","SOUTH MORANG",232
"1343","2020","SOUTH WHARF",1
"1344","2020","SOUTH YARRA",344
"1345","2020","SOUTHBANK",383
"1346","2020","SPOTSWOOD",32
"1347","2020","SPRINGVALE",119
"1348","2020","SPRINGVALE SOUTH",56
"1349","2020","ST ALBANS",288
"1350","2020","ST ANDREWS",6
"1351","2020","ST ANDREWS BEACH",22
"1352","2020","ST HELENA",24
"1353","2020","ST KILDA",376
"1354","2020","ST KILDA EAST",158
"1355","2020","ST KILDA WEST",41
"1356","2020","STEELS CREEK",2
"1357","2020","STRATHMORE",87
"1358","2020","STRATHMORE HEIGHTS",8
"1359","2020","STRATHTULLOH",22
"1360","2020","SUNBURY",550
"1361","2020","SUNSHINE",96
"1362","2020","SUNSHINE NORTH",77
"1363","2020","SUNSHINE WEST",139
"1364","2020","SURREY HILLS",110
"1365","2020","SYDENHAM",110
"1366","2020","TARNEIT",553
"1367","2020","TAYLORS HILL",101
"1368","2020","TAYLORS LAKES",80
"1369","2020","TECOMA",21
"1370","2020","TEMPLESTOWE",130
"1371","2020","TEMPLESTOWE LOWER",130
"1372","2020","THE BASIN",43
"1373","2020","THE PATCH",11
"1374","2020","THOMASTOWN",148
"1375","2020","THORNBURY",195
"1376","2020","THORNHILL PARK",50
"1377","2020","THREE BRIDGES",2
"1378","2020","TOOLANGI",6
"1379","2020","TOOLERN VALE",6
"1380","2020","TOORADIN",14
"1381","2020","TOORAK",105
"1382","2020","TOOTGAROOK",82
"1383","2020","TRAVANCORE",41
"1384","2020","TREMONT",2
"1385","2020","TRUGANINA",372
"1386","2020","TULLAMARINE",72
"1387","2020","TYABB",31
"1388","2020","TYNONG",4
"1389","2020","TYNONG NORTH",4
"1390","2020","UPPER FERNTREE GULLY",28
"1391","2020","UPWEY",61
"1392","2020","VERMONT",101
"1393","2020","VERMONT SOUTH",82
"1394","2020","VIEWBANK",54
"1395","2020","WANDIN EAST",4
"1396","2020","WANDIN NORTH",28
"1397","2020","WANTIRNA",112
"1398","2020","WANTIRNA SOUTH",148
"1399","2020","WARBURTON",34
"1400","2020","WARNEET",17
"1401","2020","WARRANDYTE",45
"1402","2020","WARRANDYTE SOUTH",6
"1403","2020","WARRANWOOD",42
"1404","2020","WATERWAYS",15
"1405","2020","WATSONIA",73
"1406","2020","WATSONIA NORTH",26
"1407","2020","WATSONS CREEK",1
"1408","2020","WATTLE GLEN",20
"1409","2020","WEIR VIEWS",41
"1410","2020","WERRIBEE",571
"1411","2020","WERRIBEE SOUTH",20
"1412","2020","WESBURN",8
"1413","2020","WEST FOOTSCRAY",167
"1414","2020","WEST MELBOURNE",67
"1415","2020","WESTMEADOWS",87
"1416","2020","WHEELERS HILL",130
"1417","2020","WHITTLESEA",96
"1418","2020","WILDWOOD",1
"1419","2020","WILLIAMS LANDING",83
"1420","2020","WILLIAMSTOWN",171
"1421","2020","WILLIAMSTOWN NORTH",4
"1422","2020","WINDSOR",62
"1423","2020","WOLLERT",513
"1424","2020","WONGA PARK",23
"1425","2020","WOORI YALLOCK",47
"1426","2020","WYNDHAM VALE",242
"1427","2020","YALLAMBIE",21
"1428","2020","YAN YEAN",1
"1429","2020","YARRA GLEN",32
"1430","2020","YARRA JUNCTION",49
"1431","2020","YARRAMBAT",13
"1432","2020","YARRAVILLE",192
"1433","2020","YELLINGBO",4
"1434","2021","ABBOTSFORD",63
"1435","2021","ABERFELDIE",9
"1436","2021","AINTREE",38
"1437","2021","AIRPORT WEST",40
"1438","2021","ALBANVALE",17
"1439","2021","ALBERT PARK",21
"1440","2021","ALBION",19
"1441","2021","ALPHINGTON",18
"1442","2021","ALTONA",65
"1443","2021","ALTONA MEADOWS",63
"1444","2021","ALTONA NORTH",60
"1445","2021","ARDEER",17
"1446","2021","ARMADALE",35
"1447","2021","ARTHURS CREEK",1
"1448","2021","ARTHURS SEAT",1
"1449","2021","ASCOT VALE",60
"1450","2021","ASHBURTON",14
"1451","2021","ASHWOOD",27
"1452","2021","ASPENDALE",32
"1453","2021","ASPENDALE GARDENS",9
"1454","2021","ATTWOOD",5
"1455","2021","AVONDALE HEIGHTS",53
"1456","2021","AVONSLEIGH",5
"1457","2021","BADGER CREEK",7
"1458","2021","BALACLAVA",21
"1459","2021","BALNARRING",12
"1460","2021","BALNARRING BEACH",5
"1461","2021","BALWYN",47
"1462","2021","BALWYN NORTH",53
"1463","2021","BAXTER",6
"1464","2021","BAYLES",1
"1465","2021","BAYSWATER",64
"1466","2021","BAYSWATER NORTH",37
"1467","2021","BEACONSFIELD",30
"1468","2021","BEACONSFIELD UPPER",3
"1469","2021","BEAUMARIS",48
"1470","2021","BELGRAVE",13
"1471","2021","BELGRAVE HEIGHTS",7
"1472","2021","BELGRAVE SOUTH",6
"1473","2021","BELLFIELD",5
"1474","2021","BEND OF ISLANDS",2
"1475","2021","BENTLEIGH",73
"1476","2021","BENTLEIGH EAST",100
"1477","2021","BERWICK",228
"1478","2021","BITTERN",20
"1479","2021","BLACK ROCK",24
"1480","2021","BLACKBURN",52
"1481","2021","BLACKBURN NORTH",20
"1482","2021","BLACKBURN SOUTH",36
"1483","2021","BLAIRGOWRIE",32
"1484","2021","BLIND BIGHT",6
"1485","2021","BONBEACH",55
"1486","2021","BONNIE BROOK",1
"1487","2021","BORONIA",103
"1488","2021","BOTANIC RIDGE",24
"1489","2021","BOX HILL",51
"1490","2021","BOX HILL NORTH",50
"1491","2021","BOX HILL SOUTH",39
"1492","2021","BRAYBROOK",42
"1493","2021","BRIAR HILL",13
"1494","2021","BRIGHTON",41
"1495","2021","BRIGHTON EAST",46
"1496","2021","BROADMEADOWS",50
"1497","2021","BROOKFIELD",46
"1498","2021","BROOKLYN",15
"1499","2021","BRUNSWICK",121
"1500","2021","BRUNSWICK EAST",61
"1501","2021","BRUNSWICK WEST",63
"1502","2021","BULLA",1
"1503","2021","BULLEEN",56
"1504","2021","BUNDOORA",97
"1505","2021","BUNYIP",10
"1506","2021","BURNLEY",1
"1507","2021","BURNSIDE",9
"1508","2021","BURNSIDE HEIGHTS",11
"1509","2021","BURWOOD",59
"1510","2021","BURWOOD EAST",29
"1511","2021","CAIRNLEA",14
"1512","2021","CAMBERWELL",40
"1513","2021","CAMPBELLFIELD",13
"1514","2021","CANNONS CREEK",5
"1515","2021","CANTERBURY",15
"1516","2021","CAPE SCHANCK",6
"1517","2021","CAPEL SOUND",46
"1518","2021","CARLTON",50
"1519","2021","CARLTON NORTH",29
"1520","2021","CARNEGIE",81
"1521","2021","CAROLINE SPRINGS",85
"1522","2021","CARRUM",31
"1523","2021","CARRUM DOWNS",136
"1524","2021","CATANI",1
"1525","2021","CAULFIELD",20
"1526","2021","CAULFIELD EAST",3
"1527","2021","CAULFIELD NORTH",40
"1528","2021","CAULFIELD SOUTH",32
"1529","2021","CHADSTONE",42
"1530","2021","CHELSEA",55
"1531","2021","CHELSEA HEIGHTS",16
"1532","2021","CHELTENHAM",102
"1533","2021","CHIRNSIDE PARK",44
"1534","2021","CHUM CREEK",2
"1535","2021","CLARINDA",13
"1536","2021","CLAYTON",51
"1537","2021","CLAYTON SOUTH",50
"1538","2021","CLEMATIS",3
"1539","2021","CLIFTON HILL",22
"1540","2021","CLYDE",56
"1541","2021","CLYDE NORTH",133
"1542","2021","COBBLEBANK",16
"1543","2021","COBURG",107
"1544","2021","COBURG NORTH",22
"1545","2021","COCKATOO",17
"1546","2021","COLDSTREAM",8
"1547","2021","COLLINGWOOD",47
"1548","2021","COOLAROO",7
"1549","2021","COTTLES BRIDGE",1
"1550","2021","CRAIGIEBURN",268
"1551","2021","CRANBOURNE",107
"1552","2021","CRANBOURNE EAST",84
"1553","2021","CRANBOURNE NORTH",93
"1554","2021","CRANBOURNE SOUTH",5
"1555","2021","CRANBOURNE WEST",92
"1556","2021","CREMORNE",3
"1557","2021","CRIB POINT",18
"1558","2021","CROYDON",161
"1559","2021","CROYDON HILLS",10
"1560","2021","CROYDON NORTH",42
"1561","2021","CROYDON SOUTH",18
"1562","2021","DALLAS",15
"1563","2021","DANDENONG",114
"1564","2021","DANDENONG NORTH",76
"1565","2021","DEANSIDE",14
"1566","2021","DEEPDENE",2
"1567","2021","DEER PARK",63
"1568","2021","DELAHEY",23
"1569","2021","DERRIMUT",21
"1570","2021","DEVON MEADOWS",2
"1571","2021","DIAMOND CREEK",33
"1572","2021","DIGGERS REST",28
"1573","2021","DINGLEY VILLAGE",35
"1574","2021","DOCKLANDS",103
"1575","2021","DON VALLEY",2
"1576","2021","DONCASTER",100
"1577","2021","DONCASTER EAST",117
"1578","2021","DONNYBROOK",19
"1579","2021","DONVALE",34
"1580","2021","DOREEN",128
"1581","2021","DOVETON",46
"1582","2021","DROMANA",50
"1583","2021","EAGLEMONT",6
"1584","2021","EAST MELBOURNE",17
"1585","2021","EAST WARBURTON",3
"1586","2021","EDEN PARK",1
"1587","2021","EDITHVALE",45
"1588","2021","ELSTERNWICK",30
"1589","2021","ELTHAM",73
"1590","2021","ELTHAM NORTH",26
"1591","2021","ELWOOD",73
"1592","2021","EMERALD",26
"1593","2021","ENDEAVOUR HILLS",65
"1594","2021","EPPING",127
"1595","2021","ESSENDON",83
"1596","2021","ESSENDON NORTH",17
"1597","2021","ESSENDON WEST",4
"1598","2021","EUMEMMERRING",11
"1599","2021","EYNESBURY",16
"1600","2021","FAIRFIELD",22
"1601","2021","FAWKNER",51
"1602","2021","FERNTREE GULLY",109
"1603","2021","FERNY CREEK",12
"1604","2021","FINGAL",6
"1605","2021","FITZROY",42
"1606","2021","FITZROY NORTH",36
"1607","2021","FLEMINGTON",32
"1608","2021","FLINDERS",2
"1609","2021","FOOTSCRAY",86
"1610","2021","FOREST HILL",39
"1611","2021","FRANKSTON",242
"1612","2021","FRANKSTON NORTH",26
"1613","2021","FRANKSTON SOUTH",99
"1614","2021","FRASER RISE",48
"1615","2021","GARDENVALE",1
"1616","2021","GARFIELD",11
"1617","2021","GEMBROOK",5
"1618","2021","GLADSTONE PARK",24
"1619","2021","GLEN HUNTLY",16
"1620","2021","GLEN IRIS",64
"1621","2021","GLEN WAVERLEY",136
"1622","2021","GLENROY",108
"1623","2021","GOWANBRAE",8
"1624","2021","GREENSBOROUGH",74
"1625","2021","GREENVALE",59
"1626","2021","GUYS HILL",1
"1627","2021","HADFIELD",47
"1628","2021","HALLAM",32
"1629","2021","HAMPTON",46
"1630","2021","HAMPTON EAST",22
"1631","2021","HAMPTON PARK",97
"1632","2021","HARKAWAY",4
"1633","2021","HARKNESS",63
"1634","2021","HASTINGS",62
"1635","2021","HAWTHORN",73
"1636","2021","HAWTHORN EAST",55
"1637","2021","HEALESVILLE",39
"1638","2021","HEATHERTON",18
"1639","2021","HEATHMONT",36
"1640","2021","HEIDELBERG",32
"1641","2021","HEIDELBERG HEIGHTS",33
"1642","2021","HEIDELBERG WEST",27
"1643","2021","HIGHETT",58
"1644","2021","HILLSIDE",44
"1645","2021","HODDLES CREEK",2
"1646","2021","HOPPERS CROSSING",123
"1647","2021","HUGHESDALE",21
"1648","2021","HUNTINGDALE",8
"1649","2021","HURSTBRIDGE",9
"1650","2021","IVANHOE",48
"1651","2021","IVANHOE EAST",9
"1652","2021","JACANA",14
"1653","2021","JUNCTION VILLAGE",6
"1654","2021","KALKALLO",37
"1655","2021","KALLISTA",1
"1656","2021","KALORAMA",8
"1657","2021","KANGAROO GROUND",1
"1658","2021","KEALBA",7
"1659","2021","KEILOR",8
"1660","2021","KEILOR DOWNS",22
"1661","2021","KEILOR EAST",43
"1662","2021","KEILOR PARK",4
"1663","2021","KENSINGTON",58
"1664","2021","KEW",42
"1665","2021","KEW EAST",22
"1666","2021","KEYSBOROUGH",87
"1667","2021","KILSYTH",69
"1668","2021","KILSYTH SOUTH",5
"1669","2021","KINGS PARK",22
"1670","2021","KINGSBURY",8
"1671","2021","KINGSVILLE",16
"1672","2021","KNOXFIELD",43
"1673","2021","KOO WEE RUP",24
"1674","2021","KOOYONG",1
"1675","2021","KURUNJANG",53
"1676","2021","LALOR",68
"1677","2021","LANG LANG",12
"1678","2021","LANGWARRIN",126
"1679","2021","LANGWARRIN SOUTH",2
"1680","2021","LAUNCHING PLACE",3
"1681","2021","LAVERTON",33
"1682","2021","LILYDALE",73
"1683","2021","LITTLE RIVER",1
"1684","2021","LOWER PLENTY",19
"1685","2021","LYNBROOK",19
"1686","2021","LYNDHURST",28
"1687","2021","LYSTERFIELD",14
"1688","2021","LYSTERFIELD SOUTH",3
"1689","2021","MACCLESFIELD",1
"1690","2021","MACLEOD",31
"1691","2021","MAIDSTONE",37
"1692","2021","MALVERN",25
"1693","2021","MALVERN EAST",50
"1694","2021","MAMBOURIN",8
"1695","2021","MANOR LAKES",56
"1696","2021","MARIBYRNONG",66
"1697","2021","MARYKNOLL",2
"1698","2021","MCCRAE",28
"1699","2021","MCKINNON",24
"1700","2021","MCMAHONS CREEK",1
"1701","2021","MEADOW HEIGHTS",29
"1702","2021","MELBOURNE",160
"1703","2021","MELTON",48
"1704","2021","MELTON SOUTH",73
"1705","2021","MELTON WEST",57
"1706","2021","MENTONE",75
"1707","2021","MENZIES CREEK",4
"1708","2021","MERNDA",108
"1709","2021","MERRICKS BEACH",5
"1710","2021","MERRICKS NORTH",1
"1711","2021","MICKLEHAM",108
"1712","2021","MIDDLE PARK",13
"1713","2021","MILL PARK",78
"1714","2021","MILLGROVE",11
"1715","2021","MITCHAM",54
"1716","2021","MONBULK",16
"1717","2021","MONT ALBERT",9
"1718","2021","MONT ALBERT NORTH",15
"1719","2021","MONTMORENCY",45
"1720","2021","MONTROSE",34
"1721","2021","MOONEE PONDS",49
"1722","2021","MOORABBIN",27
"1723","2021","MOOROODUC",2
"1724","2021","MOOROOLBARK",98
"1725","2021","MORDIALLOC",30
"1726","2021","MORNINGTON",200
"1727","2021","MOUNT BURNETT",1
"1728","2021","MOUNT DANDENONG",5
"1729","2021","MOUNT ELIZA",66
"1730","2021","MOUNT EVELYN",39
"1731","2021","MOUNT MARTHA",114
"1732","2021","MOUNT WAVERLEY",127
"1733","2021","MULGRAVE",64
"1734","2021","MURRUMBEENA",41
"1735","2021","NAR NAR GOON",3
"1736","2021","NAR NAR GOON NORTH",2
"1737","2021","NARRE WARREN",101
"1738","2021","NARRE WARREN EAST",3
"1739","2021","NARRE WARREN NORTH",11
"1740","2021","NARRE WARREN SOUTH",109
"1741","2021","NEWPORT",58
"1742","2021","NIDDRIE",36
"1743","2021","NOBLE PARK",112
"1744","2021","NOBLE PARK NORTH",20
"1745","2021","NORTH MELBOURNE",61
"1746","2021","NORTH WARRANDYTE",11
"1747","2021","NORTHCOTE",91
"1748","2021","NOTTING HILL",10
"1749","2021","NUNAWADING",52
"1750","2021","NUTFIELD",1
"1751","2021","OAK PARK",27
"1752","2021","OAKLEIGH",16
"1753","2021","OAKLEIGH EAST",20
"1754","2021","OAKLEIGH SOUTH",28
"1755","2021","OFFICER",157
"1756","2021","OFFICER SOUTH",1
"1757","2021","OLINDA",4
"1758","2021","ORMOND",37
"1759","2021","PAKENHAM",292
"1760","2021","PAKENHAM SOUTH",1
"1761","2021","PAKENHAM UPPER",1
"1762","2021","PANTON HILL",2
"1763","2021","PARK ORCHARDS",14
"1764","2021","PARKDALE",43
"1765","2021","PARKVILLE",15
"1766","2021","PASCOE VALE",81
"1767","2021","PASCOE VALE SOUTH",33
"1768","2021","PATTERSON LAKES",40
"1769","2021","PEARCEDALE",11
"1770","2021","PLENTY",4
"1771","2021","PLUMPTON",6
"1772","2021","POINT COOK",246
"1773","2021","POINT LEO",1
"1774","2021","PORT MELBOURNE",88
"1775","2021","PORTSEA",11
"1776","2021","PRAHRAN",83
"1777","2021","PRESTON",115
"1778","2021","PRINCES HILL",1
"1779","2021","RED HILL",1
"1780","2021","RED HILL SOUTH",1
"1781","2021","REEFTON",1
"1782","2021","RESEARCH",10
"1783","2021","RESERVOIR",224
"1784","2021","RICHMOND",159
"1785","2021","RINGWOOD",106
"1786","2021","RINGWOOD EAST",44
"1787","2021","RINGWOOD NORTH",44
"1788","2021","RIPPONLEA",3
"1789","2021","ROCKBANK",20
"1790","2021","ROSANNA",22
"1791","2021","ROSEBUD",127
"1792","2021","ROWVILLE",95
"1793","2021","ROXBURGH PARK",69
"1794","2021","RYE",85
"1795","2021","SAFETY BEACH",73
"1796","2021","SANDHURST",37
"1797","2021","SANDRINGHAM",49
"1798","2021","SASSAFRAS",4
"1799","2021","SCORESBY",22
"1800","2021","SEABROOK",19
"1801","2021","SEAFORD",114
"1802","2021","SEAHOLME",4
"1803","2021","SEDDON",23
"1804","2021","SELBY",6
"1805","2021","SEVILLE",7
"1806","2021","SHERBROOKE",2
"1807","2021","SHOREHAM",3
"1808","2021","SILVAN",4
"1809","2021","SKYE",40
"1810","2021","SOMERS",8
"1811","2021","SOMERVILLE",52
"1812","2021","SORRENTO",19
"1813","2021","SOUTH KINGSVILLE",13
"1814","2021","SOUTH MELBOURNE",48
"1815","2021","SOUTH MORANG",69
"1816","2021","SOUTH YARRA",124
"1817","2021","SOUTHBANK",120
"1818","2021","SPOTSWOOD",11
"1819","2021","SPRINGVALE",59
"1820","2021","SPRINGVALE SOUTH",22
"1821","2021","ST ALBANS",122
"1822","2021","ST ANDREWS",5
"1823","2021","ST ANDREWS BEACH",9
"1824","2021","ST HELENA",6
"1825","2021","ST KILDA",110
"1826","2021","ST KILDA EAST",64
"1827","2021","ST KILDA WEST",23
"1828","2021","STRATHEWEN",2
"1829","2021","STRATHMORE",31
"1830","2021","STRATHMORE HEIGHTS",3
"1831","2021","STRATHTULLOH",8
"1832","2021","SUNBURY",177
"1833","2021","SUNSHINE",54
"1834","2021","SUNSHINE NORTH",63
"1835","2021","SUNSHINE WEST",54
"1836","2021","SURREY HILLS",34
"1837","2021","SYDENHAM",26
"1838","2021","TARNEIT",243
"1839","2021","TAYLORS HILL",33
"1840","2021","TAYLORS LAKES",24
"1841","2021","TECOMA",8
"1842","2021","TEMPLESTOWE",48
"1843","2021","TEMPLESTOWE LOWER",46
"1844","2021","THE BASIN",8
"1845","2021","THE PATCH",2
"1846","2021","THOMASTOWN",37
"1847","2021","THORNBURY",66
"1848","2021","THORNHILL PARK",20
"1849","2021","TOOLERN VALE",1
"1850","2021","TOORADIN",4
"1851","2021","TOORAK",34
"1852","2021","TOOTGAROOK",30
"1853","2021","TRAVANCORE",19
"1854","2021","TRUGANINA",136
"1855","2021","TULLAMARINE",24
"1856","2021","TYABB",10
"1857","2021","TYNONG",2
"1858","2021","TYNONG NORTH",1
"1859","2021","UPPER FERNTREE GULLY",18
"1860","2021","UPWEY",16
"1861","2021","VERMONT",29
"1862","2021","VERMONT SOUTH",46
"1863","2021","VIEWBANK",17
"1864","2021","WANDIN EAST",1
"1865","2021","WANDIN NORTH",14
"1866","2021","WANTIRNA",52
"1867","2021","WANTIRNA SOUTH",54
"1868","2021","WARBURTON",13
"1869","2021","WARNEET",4
"1870","2021","WARRANDYTE",16
"1871","2021","WARRANDYTE SOUTH",2
"1872","2021","WARRANWOOD",11
"1873","2021","WATERWAYS",10
"1874","2021","WATSONIA",27
"1875","2021","WATSONIA NORTH",11
"1876","2021","WATTLE GLEN",3
"1877","2021","WEIR VIEWS",24
"1878","2021","WERRIBEE",203
"1879","2021","WERRIBEE SOUTH",11
"1880","2021","WESBURN",1
"1881","2021","WEST FOOTSCRAY",48
"1882","2021","WEST MELBOURNE",36
"1883","2021","WESTMEADOWS",27
"1884","2021","WHEELERS HILL",43
"1885","2021","WHITTLESEA",22
"1886","2021","WILLIAMS LANDING",34
"1887","2021","WILLIAMSTOWN",76
"1888","2021","WILLIAMSTOWN NORTH",3
"1889","2021","WINDSOR",27
"1890","2021","WOLLERT",134
"1891","2021","WONGA PARK",5
"1892","2021","WOORI YALLOCK",10
"1893","2021","WYNDHAM VALE",88
"1894","2021","YALLAMBIE",9
"1895","2021","YAN YEAN",1
"1896","2021","YARRA GLEN",15
"1897","2021","YARRA JUNCTION",12
"1898","2021","YARRAMBAT",4
"1899","2021","YARRAVILLE",67
